job_title,company_name,location,salary,skills,date_posted
Gen AI evaluators (Data Analyst),Helius Technologies Pte Ltd,Singapore,"3 - 6 Years
•
SGD 5,000 - 5,500 per month",Gen AI,Posted 3 hours ago
Data Analyst,U3 Infotech Pte Ltd,Singapore,"SGD 7,000 - 10,000 per month","metadata
Excel",Posted 10 days ago
Data Analyst,Intellect Minds Pte Ltd,Singapore,"1 - 4 Years
•
SGD 3,000 - 5,000 per month","Data Analyst
Python
Sql",Posted 10 days ago
Data Analyst,Elliott Moss Consulting Pte Ltd,Singapore,"SGD 4,000 - 6,000 per month","snowflake
Data Analyst
Denodo
Uat
Tableau
Oracle Pl/sql",Posted 10 days ago
Data Analyst,Elliott Moss Consulting Pte Ltd,Singapore,"SGD 6,300 - 8,300 per month","snowflake
Data Analyst
User Acceptance Testing
Denodo
Oracle PL/SQL
Tableau",Posted 10 days ago
Data Analyst,Quesscorp Singapore Pte Ltd,Singapore,"5 - 8 Years
•
SGD 7,000 - 10,000 per month",Python,Posted 8 days ago
Data Analyst,Quesscorp Singapore Pte Ltd,Singapore,"5 - 8 Years
•
SGD 11,000 - 14,000 per month",dmp,Posted 8 days ago
"Trust & Safety, Data Analyst (Content Moderation, SQL), 6 months contract",Optimum Solutions (Singapore) Pte Ltd,Singapore,"SGD 4,500 - 5,600 per month","Python Scripting
Sql",Posted 15 days ago
Data Analyst,Ambition Group Singapore Pte Ltd,Singapore,"SGD 3,700 - 4,000 per month","Data Analyst
Business Analytics
Business Administration
Power Bi",Posted 18 days ago
Data Analyst - Corporate Information System - Dubai,Byte Dance,Singapore,3 - 5 Years,"R
Powerbi
Tableau
Sql
Python",Posted 19 hours ago
Data Analyst,APAR TECHNOLOGIES PTE. LTD.,"Shenton Way, Singapore",2 - 5 Years,"Data Analysis
technical functional documentation
snowflake
Quality Checks
Oracle Pl Sql
data reconciliation
Tableau",Posted 2 days ago
Data Analyst/Engineer,FASTSTREAM RECRUITMENT PTE. LTD.,Singapore,6 - 8 Years,"Hive SQL
R
Looker
Sklearn
Tensorflow
Numpy
Pandas
Tableau
Sql
Python",Posted 2 days ago
Data Analyst,RISKINSIGHT CONSULTING PTE. LTD.,Singapore,4 - 7 Years,"PDPA
basel iii
Nosql
Gdpr
Power Bi
MySQL
SQL Server
Data Visualization
Sql",Posted 2 days ago
"Data Analyst, Migration Project",BEARINGPOINT CONSULTING PTE. LTD.,"Singapore, Robinson",3 - 5 Years,"Word
Data Mapping
Powerpoint
Data Profiling
Microsoft Office
Excel
Itil",Posted 2 days ago
"Data Analyst, Digital Manufacturing",GLOBALFOUNDRIES SINGAPORE PTE. LTD.,"Singapore, Woodlands",1 - 3 Years,"engineering principles
Robotics
Automations
Autonomous Systems
Ai
project management tools
Ml
Iot",Posted 2 days ago
Data Analyst,,Singapore,5 - 8 Years,"investment data domain knowledge
Data Analysis
snowflake
documentation support
Quality Checks
Oracle Pl Sql
data reconciliation
Uat
Tableau",Posted 2 days ago
"Data Analyst, Digital Manufacturing",Helius Technologies Pte Ltd,"Singapore, Woodlands",1 - 3 Years,"engineering principles
Robotics
Automations
Autonomous Systems
Ai
project management tools
Ml
Iot",Posted 2 days ago
Data Analyst,NEARSOURCE PTE. LTD.,Singapore,4 - 7 Years,"PDPA
basel iii
Nosql
Gdpr
Power Bi
MySQL
SQL Server
Data Visualization
Sql",Posted 2 days ago
"Data Analyst, Migration Project",GLOBALFOUNDRIES SINGAPORE PTE. LTD.,"Singapore, Robinson",3 - 5 Years,"Word
Data Mapping
Powerpoint
Data Profiling
Microsoft Office
Excel
Itil",Posted 2 days ago
"Data Analyst Temp, Young Talent (3 Months)",RISKINSIGHT CONSULTING PTE. LTD.,Singapore,Fresher,"Tableau
Excel
Sql",Posted 2 days ago
Senior Regulatory Compliance and Data Analyst,BEARINGPOINT CONSULTING PTE. LTD.,Singapore,3 - 5 Years,"data governance principles
Airflow
data pipelines
data management tools
R
dbt
dashboard software
Looker Studio
data privacy regulations
Power Bi
Data Cleaning
Tableau
Sql
google drive
Data Visualization
Python",Posted 2 days ago
Data Analyst,Enterprise Singapore,Singapore,2 - 4 Years,"Novacura Flow
AVEVA Pi Vision
AVEVA Work Tasks
UOC
Microsoft Power Bi
Databricks
Dax
Python
Sql",Posted 2 days ago
Data Analyst (UAT_DataRecon_DataIssueMgmt_PL/SQL),STAMFORD AMERICAN INTERNATIONAL SCHOOL PTE. LTD.,Singapore,2 - 5 Years,"Implementation monitoring
Quality Checks
Data Issue Management
Investment Data domain knowledge
Troubleshooting
snowflake
Data Analysis
Denodo
Uat
Tableau
Oracle Pl Sql
data reconciliation",Posted 2 days ago
Senior Data Analyst - Trading systems APAC,YINSON PRODUCTION OFFSHORE PTE. LTD.,"Shenton Way, Singapore",6 - 9 Years,"dbt
Looker
Python
Sql",Posted 2 days ago
"Associate Manager, Data Analyst",MALTEM ASIA PTE. LTD.,"Singapore, Marina",5 - 7 Years,"dimensional modelling
R
Alteryx
Power Bi
Azure Synapse analytics
Azure Databricks
Data Analytics
Azure Cloud
Azure Machine learning
Spark
Python
Azure Devops",Posted 2 days ago
"Data Analyst - Security, Integrity, & Investigations",FLOWDESK ASIA PTE. LTD.,Singapore,5 - 7 Years,"Statistical Modeling
Statistical Analysis
Data Integration",Posted 2 days ago
Data Analyst,KPMG SERVICES PTE. LTD.,Singapore,Fresher,"R
Numpy
Pandas
Power Bi
Tableau
Python
Sql",Posted 2 days ago
Data Analyst Intern,FACEBOOK SINGAPORE PTE. LTD.,Singapore,2 - 5 Years,"Data Analysis
algorithmic programming methods
Python",Posted 2 days ago
HR Data Analyst,DNDTS PTE. LTD.,"Singapore, Marina",2 - 4 Years,"statistical analysis techniques
HRMS systems
R
Data Extraction
Advanced Excel
Python",Posted 2 days ago
Data Analyst (Machine Learning | Manufacturing | Perm),BIOLOGIC TECHNIK PRIVATE LIMITED,Singapore,2 - 4 Years,"Microsoft Power Platform
Sharepoint
cloud platforms
MS SQL
Powerbi
Knime
Python",Posted 2 days ago
Supply Chain Data Analyst,COSMOSTAR SINGAPORE PRIVATE LIMITED,Singapore,1 - 4 Years,"R
ERP systems
SAP
Power Bi
Tableau
Oracle
Microsoft Excel
Sql
Python",Posted 2 days ago
Senior Data Analyst,GMP TECHNOLOGIES (S) PTE LTD,"Singapore, Alexandra Road",4 - 6 Years,"Data Strategy
Martech
Analytics",Posted 2 days ago
Data Analyst (Machine Learning | Manufacturing | Perm),,Singapore,2 - 4 Years,"Microsoft Power Platform
Sharepoint
cloud platforms
MS SQL
Powerbi
Knime
Python",Posted 2 days ago
Business/Data Analyst (Python & Microsoft Fabric),NEARSOURCE PTE. LTD.,"Liang Seah Street, Singapore",3 - 6 Years,"Microsoft Fabric
Power Bi
Python",Posted 2 days ago
Data Analyst (Govt Healthcare) #SM,PU TIEN SERVICES PTE. LTD.,Singapore,2 - 5 Years,"logical data models
data dictionaries
Data Management
Reporting Tools",Posted 2 days ago
Data Analyst,TBWA SINGAPORE PTE LTD,"Singapore, Ubi",2 - 4 Years,"Tableau
Python
Sql",Posted 2 days ago
DATA ANALYST (CONTRACT),GMP TECHNOLOGIES (S) PTE LTD,"Singapore, Ubi",2 - 4 Years,"Data Analysis
R
Power Bi
Data Visualization
Tableau
Microsoft Excel
Sql
Python",Posted 2 days ago
Data Analyst,RAPSYS TECHNOLOGIES PTE. LTD.,"Singapore, International Business Park",1 - 3 Years,"Airflow
Plotly
Interactive visualisations
Dash
Dashboard frameworks
BigQuery
Text Mining
Sql
Nlp
Shell scripting
Etl Tools
Python",Posted 2 days ago
Data Analyst cum Business Analyst,TALENTS@WORK PTE. LTD.,Singapore,5 - 8 Years,"Microsoft Fabric
Power Bi
Python",Posted 2 days ago
Data Analyst (SAS/ SQL) - 12 months Contract,STARHUB LTD.,"Singapore, Raffles Link / Raffles Place",1 - 4 Years,"Data Analysis
reporting systems
Programming Knowledge
SAS
Sql",Posted 2 days ago
Data Analyst,THE FAMOUS AMOS CHOCOLATE CHIP COOKIE SINGAPORE PTE LTD,Singapore,4 - 7 Years,"Nosql
Power Bi
MySQL
SQL Server
Data Visualization
Sql",Posted 2 days ago
Data Analyst,JOBTECH PTE. LTD.,Singapore,5 - 8 Years,"investment data domain knowledge
Data Analysis
snowflake
documentation support
Quality Checks
Oracle Pl Sql
data reconciliation
Uat
Tableau",Posted 2 days ago
Junior Data Analyst (Visualization-Focused),OPENSOURCE TECHNOLOGIES PTE. LTD.,"Singapore, Bukit Merah, Jalan Bukit Merah",1 - 3 Years,"R
Power Bi
Tableau
Excel
Python
Sql",Posted 2 days ago
Data Analyst Intern,EVO OUTSOURCING SOLUTIONS PTE. LTD.,Singapore,Fresher,"AI tools
dbt
Apache Superset
Gcp
Redshift
Sql
AWS",Posted 12 days ago
Senior Data Analyst - Institutional Data,UNISON CONSULTING PTE. LTD.,Singapore,5 - 7 Years,"Statistical methods
Data visualization techniques
Business Intelligence Tools
Python",Posted 12 days ago
Data Analyst Intern,TECHNOPALS PTE. LTD.,Singapore,Fresher,"AI tools
dbt
Apache Superset
Gcp
Redshift
Sql
AWS",Posted 12 days ago
"Data Analyst, Trust & Safety - 6 months contract",MEINHARDT SUIT PTE. LTD.,"Singapore, Raffles Link / Raffles Place","2 - 4 Years
•
USD 60,000 - 67,200 per month","Policy
referrals
Social Media
Ability To Work Independently
enforcement
Communication Skills
Written English
Critical Thinking
Customer Experience
Data Analysis
Inventory
social media strategy",Posted 17 days ago
Data Analyst | Bank | Contract,Razer (Asia-Pacific) Pte Ltd,Singapore,"5 - 7 Years
•
USD 54,000 - 96,000 per month","DRM Implementation and Management using Tivoli Storage Manager
Veritas Netbackup BAU operations for VM backup and recovery
IBM Spectrum Protect
LTO Tape Drives
NDMP Backup using IBM Tivoli Storage Manager
TSM Server and Client Options
IBM Tivoli Storage Manager for VMware
IBM Tivoli Storage Manager Server
Networking
Tape Libraries
Windows
UNIX
DB2",Posted 17 days ago
Data Analyst,OKX,"Singapore, Ubi","3 - 5 Years
•
USD 33,600 - 45,600 per month","statistical methods
Power Bi
data mining
Data Visualization
Data Cleaning
Machine Learning Algorithms",Posted 17 days ago
Data Analyst (Apprenticeship Programme),,"Singapore, Battery Road","2 - 5 Years
•
USD 20,400 - 24,000 per month","CRM Tools
Data Analysis
Data Management
google sheets
Hubspot
Microsoft Excel",Posted 17 days ago
#SGUNITED JOBS Data Analyst,PU TIEN SERVICES PTE. LTD.,Singapore,"3 - 6 Years
•
USD 60,000 - 108,000 per month","Feature engineering
Analytics
Power Bi
Pyspark
Data Integration
Data Cleaning
Microsoft Azure
Microsoft BI",Posted 17 days ago
Data Analyst (Proficient in German Language),Razer (Asia-Pacific) Pte Ltd,Singapore,"1 - 4 Years
•
USD 72,000 - 96,000 per month","Search and recommendations engines
Tableau
Sql
Python",Posted 17 days ago
Data Analyst (Healthcare Sector) - #SM,HAYS SPECIALIST RECRUITMENT PTE. LTD.,Singapore,"2 - 5 Years
•
USD 57,600 - 69,600 per month","Data Analysis
logical data models
data dictionaries
Data Management
Reporting Tools",Posted 17 days ago
"Temp Data Analyst Executive, Population Health Management (3 months) #HMS",MANPOWER STAFFING SERVICES (SINGAPORE) PTE LTD,Singapore,"2 - 5 Years
•
USD 44,400 - 50,400 per month","dashboard designing
Tableau",Posted 17 days ago
Senior Actuarial Data Analyst,GIORDANO ORIGINALS (SINGAPORE) PRIVATE LIMITED,"Singapore, Cross Street","5 - 10 Years
•
USD 60,000 - 108,000 per month","Data Services
Sql",Posted 17 days ago
Functional Data Analyst (Shipping Logistic BG),SMARTKARMA INNOVATIONS PTE. LTD.,"Orchard Road, Singapore","2 - 5 Years
•
USD 63,600 - 68,400 per month","Looker
Tableau",Posted 17 days ago
Data Analyst Intern,ITCAN PTE. LIMITED,Singapore,Fresher,"AI tools
dbt
Apache Superset
Gcp
Redshift
Sql
AWS",Posted 14 days ago
Data Analyst,MANPOWER STAFFING SERVICES (SINGAPORE) PTE LTD,Singapore,"2 - 4 Years
•
USD 63,600 - 78,000 per month","Powerapps
Python
Sql",Posted 17 days ago
3 months contract to perm healthcare data analyst #HYS,TALENTS@WORK PTE. LTD.,"Orchard Road, Singapore","Fresher
•
USD 42,000 - 50,400 per month","Microsoft Office
Data Analytics",Posted 17 days ago
"Data Analyst, Private Bank",RECRUIT EXPRESS PTE LTD,"Singapore, Raffles Link / Raffles Place","1 - 4 Years
•
USD 48,000 - 72,000 per month","data accuracy
Data Analysis
data analysis scripts
sampling methodologies
data sampling
Programming Languages",Posted 17 days ago
Data Analyst (1 year contract),MUNICH MANAGEMENT PTE. LTD.,Singapore,"1 - 3 Years
•
USD 44,400 - 48,000 per month","Power Bi
Microsoft Office
Sql",Posted 17 days ago
Data Analyst,RECRUIT EXPRESS PTE LTD,"Singapore, Henderson Road","1 - 4 Years
•
USD 54,000 - 84,000 per month","Google Data Studio
Tableau
Sql",Posted 17 days ago
Data Analyst (QlikSense),Razer Inc.,Singapore,"1 - 4 Years
•
USD 54,000 - 62,400 per month","QlikSense Data Load Editor
MS SQL
MySQL
PostgreSQL
Qliksense
Python",Posted 17 days ago
"Data Analyst, AI & Data, Technology Consulting",ONE CONSULTING (GLOBAL) PTE. LTD.,Singapore,"1 - 3 Years
•
USD 57,600 - 84,000 per month","Data Security
Power Bi
Etl Development
Qlik
Data Governance
Data Warehousing
Sql",Posted 17 days ago
Business Data Analyst -GBS APAC - 2025 Start,RECRUIT EXPRESS PTE LTD,Singapore,Fresher,"Analytical Methods
BI visualization tools
Power Bi
Tableau
Data Analytics
Sql",Posted 15 days ago
Data Analyst | Bank | Contract,RANDSTAD PTE. LIMITED,Singapore,"5 - 7 Years
•
USD 90,000 - 108,000 per month","DRM Implementation and Management using Tivoli Storage Manager
IBM Spectrum Protect
NDMP Backup using IBM Tivoli Storage Manager
LTO Tape Drives
TSM Server and Client Options
IBM Tivoli Storage Manager for VMware
IBM Tivoli Storage Manager Server
Networking
Veritas Netbackup
Tape Libraries
Windows
UNIX
DB2",Posted 17 days ago
"6 Months Data Analyst, Raffles Place",,Singapore,"5 - 7 Years
•
USD 48,000 - 54,000 per month","Alteryx
Tableau
Databricks
Sql",Posted 17 days ago
Data Analyst,Razer (Asia-Pacific) Pte Ltd,"Singapore, Bukit Merah, Jalan Bukit Merah","1 - 3 Years
•
USD 60,000 - 72,000 per month","R
data manipulation and analysis libraries
Powerbi
PowerShell
Microsoft
Sql
Python",Posted 17 days ago
Actuarial Data Analyst,AMBITION GROUP SINGAPORE PTE. LTD.,"Singapore, Cross Street","1 - 4 Years
•
USD 54,000 - 108,000 per month","Power Bi
Vba
Excel
Sql
Python",Posted 17 days ago
Data Analyst,IMKEY PTE. LTD.,"Orchard Road, Singapore","3 - 6 Years
•
USD 54,000 - 63,600 per month","Data Analysis
logical data models
data analysis methods
Documentation
data dictionaries
data structures",Posted 17 days ago
*Urgent- NEW* 6 Months Contract Data Analyst (Banking Sector)- ($3500-$4000) #NJE,INFOCEPTS PTE. LTD.,"Orchard Road, Singapore","3 - 6 Years
•
USD 42,000 - 48,000 per month","scorecard migration
qualitative data analysis
SC Migration
exception review report
ECDD CRRD CDD reviews
Early Alert review
re-rating Stales Overrides
DMP DRP Report
S35 Tagging",Posted 17 days ago
"6 Months Data Analyst, Tampines",ERNST & YOUNG ADVISORY PTE. LTD.,Singapore,"3 - 5 Years
•
USD 66,000 - 78,000 per month","GANs
VAEs
Transformers
R
generative AI models
Power Bi
Tableau
Sql
Python
Machine Learning Algorithms",Posted 17 days ago
"Temp Data Analyst Executive, Population Health Management (3 months) #HMS",TikTok,Singapore,"2 - 5 Years
•
USD 44,400 - 50,400 per month","dashboard designing
Tableau",Posted 17 days ago
"Downstream Architect (Data Analyst, Google Cloud) #IAC",MANPOWER STAFFING SERVICES (SINGAPORE) PTE LTD,"Orchard Road, Singapore","5 - 7 Years
•
USD 72,000 - 108,000 per month","Relational Databases
DataLake
Data Governance Tool
Looker
Bi Tools
BigQuery
Collibra
Javascript
Python
Google Cloud",Posted 17 days ago
Data Analyst (Proficient in Tamil/Punjabi Language),HUDSON RPO (SINGAPORE) PTE. LTD.,Singapore,"1 - 4 Years
•
USD 72,000 - 102,000 per month","Tableau
Sql
Python",Posted 17 days ago
Data Analyst,KERRY LOGISTICS MANAGEMENT (ASIA) PTE. LTD.,"Science Park, Singapore","2 - 4 Years
•
USD 60,000 - 78,000 per month","Planisware Project System
Data Visualization tools
Power Bi
Microsoft Office
Python
Sql",Posted 17 days ago
Healthcare Data Analyst (WEST) #HJW,MUNICH MANAGEMENT PTE. LTD.,"Orchard Road, Singapore","Fresher
•
USD 42,000 - 54,000 per month","Data Collection
Reporting",Posted 17 days ago
Senior Data Analyst,RECRUIT EXPRESS PTE LTD,"Singapore, North Bridge","4 - 6 Years
•
USD 96,000 - 132,000 per month","Analytical Skills
Data pipelines
Business Intelligence",Posted 17 days ago
Data Analyst Intern (Minimum 5-Month Commitment),RECRUIT EXPRESS PTE LTD,"Singapore, Tai Seng","Fresher
•
USD 12,000 - 18,000 per month","Word
R
Powerpoint
Ms Excel
Javascript
Python
Sql",Posted 17 days ago
Data Analyst Specialist - WC2,HUDSON RPO (SINGAPORE) PTE. LTD.,Singapore,"1 - 3 Years
•
USD 48,000 - 84,000 per month","R
data manipulation and analysis libraries
Power Bi
PowerShell
Python
Sql",Posted 17 days ago
IT Data Analyst,RECRUIT EXPRESS PTE LTD,"Singapore, Robinson","5 - 7 Years
•
USD 66,000 - 102,000 per month","Power Bi
Ansible
Tableau
SSIS
Mssql
Qliksense
Sql
Aws S3",Posted 17 days ago
Data Analyst,RECRUIT EXPRESS PTE LTD,"Shenton Way, Singapore","5 - 7 Years
•
USD 84,000 - 114,000 per month","SDLC methodology
snowflake
DeltaLake
Kanban
OLTP Data Lake
Lakehouse technologies
S3
Data Factory
PostgreSQL
AWS Glue
Tableau
Informatica
JIRA
Confluence
Javascript
Scrum
Python
Agile Methodologies
Scala
Bash
Redshift
Sql
DataBricks
MS SQL
Powerbi
Xml
Etl",Posted 17 days ago
Data Analyst,MANPOWER STAFFING SERVICES (SINGAPORE) PTE LTD,"Singapore, Toa Payoh","2 - 5 Years
•
USD 55,200 - 72,000 per month","data visualization tools
Seaborn
geospatial analysis
Power Bi
Matplotlib
Data Cleaning
Tableau",Posted 17 days ago
Business Data Analyst,,"Singapore, Thomson","7 - 10 Years
•
USD 72,000 - 96,000 per month","data analysis tools
reporting tool integration
data warehousing principles
Power Bi
Tableau
Excel
Sql",Posted 17 days ago
Business Data Analyst (JD#9846),AMBITION GROUP SINGAPORE PTE. LTD.,Singapore,"3 - 5 Years
•
USD 60,000 - 78,000 per month","Sql
Python",Posted 17 days ago
Data Analyst (Population Health Analytics),RANDSTAD PTE. LIMITED,"Singapore, North Buona Vista","6 - 9 Years
•
USD 60,000 - 96,000 per month","health economics
R
Stata
Statistics
Data Science
SAS
Tableau
Data Analytics
Python",Posted 17 days ago
Business Data Analyst (JD#9879),RECRUIT EXPRESS PTE LTD,Singapore,"3 - 5 Years
•
USD 66,000 - 78,000 per month","Data Quality
Data Profiling
Data Governance
Sql
Python",Posted 17 days ago
"Snr/ Research Data Analyst, Healthcare REF: EN",NETWORK GUARD PTE. LTD.,"Singapore, North Bridge","1 - 3 Years
•
USD 42,000 - 78,000 per month","Stata
Spss",Posted 17 days ago
"Data Analyst, Trust & Safety - 6 months contract",ESGPEDIA PTE. LTD.,"Singapore, Raffles Link / Raffles Place","2 - 4 Years
•
USD 60,000 - 67,200 per month","Policy
referrals
Social Media
Ability To Work Independently
enforcement
Communication Skills
Written English
Critical Thinking
Customer Experience
Data Analysis
Inventory
social media strategy",Posted 17 days ago
3 months Contract Data Analyst *Healthcare*,WECRUIT PTE. LTD.,Singapore,"1 - 4 Years
•
USD 33,600 - 42,000 per month","Product Management
Public Health
Segmentation
population health
Life Sciences
Healthcare
Mathematics
Statistics
Program Management
Strategic Planning",Posted 17 days ago
Data Analyst | Bank | Contract,EPS COMPUTER SYSTEMS PTE LTD,Singapore,"5 - 7 Years
•
USD 54,000 - 96,000 per month","DRM Implementation and Management using Tivoli Storage Manager
Veritas Netbackup BAU operations for VM backup and recovery
IBM Spectrum Protect
LTO Tape Drives
NDMP Backup using IBM Tivoli Storage Manager
TSM Server and Client Options
IBM Tivoli Storage Manager for VMware
IBM Tivoli Storage Manager Server
Networking
Tape Libraries
Windows
UNIX
DB2",Posted 17 days ago
Data Analyst (JD#9883),LYNEER CORP (SINGAPORE) PTE. LTD.,Singapore,"2 - 4 Years
•
USD 48,000 - 60,000 per month","Microsoft O360 Suite
data visualisation tools
Uat
Data Governance
Sql",Posted 17 days ago
Data Analyst Intern,SEMBCORP SOLAR SINGAPORE PTE. LTD.,Singapore,Fresher,"GenAI
Data Analysis
Machine Learning
Sql
Agile Methodology
Python",Posted 17 days ago
Data Analyst,SHARKNINJA APAC HOLDING PTE. LTD.,"Singapore, Robinson","2 - 5 Years
•
USD 66,000 - 102,000 per month","Airflow
Statistical Knowledge
Orchestration
Data Modeling
Power Bi
Dynamodb
OLAP
Big Data
Tableau
Sql
Data Quality
Databases
Powerbi
MySQL
Data Visualization
Data Governance
Azure
Data Analytics
Python
Etl",Posted 17 days ago
Senior Actuarial Data Analyst,SCIENTE INTERNATIONAL PTE. LTD.,"Singapore, Cross Street","5 - 10 Years
•
USD 60,000 - 108,000 per month","Data Services
Sql",Posted 17 days ago
"Temp Data Analyst Executive, Population Health Management (3 months) #HMS",SYNAPXE PTE. LTD.,Singapore,"2 - 5 Years
•
USD 44,400 - 50,400 per month","dashboard designing
Tableau",Posted 17 days ago
Data Analyst (Live Commerce),SCIENTE INTERNATIONAL PTE. LTD.,"Pasir Panjang, Singapore","2 - 4 Years
•
USD 60,000 - 96,000 per month","Pivots
Looker Studio
GA4
livestream analytics
Vlookup
Data Visualization
Microsoft Office
Tableau
Excel
Adobe Analytics",Posted 17 days ago
3 Months Temp Executive - Data Analyst ( Healthcare) - One North,JOBSTUDIO PTE. LTD.,"Orchard Road, Singapore","1 - 4 Years
•
USD 36,000 - 50,400 per month","visualization tools
Data Analytics
Microsoft Office",Posted 17 days ago
"Data Analyst, ETL (Reputable sports retail)) #NJH",HAYS SPECIALIST RECRUITMENT PTE. LTD.,Singapore,"2 - 4 Years
•
USD 72,000 - 84,000 per month","Microsoft Power Automated
Power Bi
Excel
Api Integration
Sql
Etl",Posted 17 days ago
*FMCG* 15 Months Data Analyst ($6000 to $7000) #NJN,RECRUIT EXPRESS PTE LTD,Singapore,"2 - 4 Years
•
USD 72,000 - 84,000 per month","ETL processes
Power Bi
microsoft power automate
Excel
Api Integration
Sql",Posted 17 days ago
Data Analyst (Apprenticeship Programme),,"Singapore, Battery Road","2 - 5 Years
•
USD 20,400 - 24,000 per month","CRM Tools
Data Analysis
Data Management
google sheets
Hubspot
Microsoft Excel",Posted 17 days ago
Data Analyst (Proficient in German Language),RANDSTAD PTE. LIMITED,Singapore,"1 - 4 Years
•
USD 72,000 - 96,000 per month","Search and recommendations engines
Tableau
Sql
Python",Posted 17 days ago
Data Analyst (Healthcare Sector) - #SM,MANPOWER STAFFING SERVICES (SINGAPORE) PTE LTD,Singapore,"2 - 5 Years
•
USD 57,600 - 69,600 per month","Data Analysis
logical data models
data dictionaries
Data Management
Reporting Tools",Posted 17 days ago
#SGUNITED JOBS Data Analyst,SCIENTE INTERNATIONAL PTE. LTD.,Singapore,"3 - 6 Years
•
USD 60,000 - 108,000 per month","Feature engineering
Analytics
Power Bi
Pyspark
Data Integration
Data Cleaning
Microsoft Azure
Microsoft BI",Posted 17 days ago
Functional Data Analyst (Shipping Logistic BG),ADDX,"Orchard Road, Singapore","2 - 5 Years
•
USD 63,600 - 68,400 per month","Looker
Tableau",Posted 17 days ago
Healthcare Data Analyst (WEST) #HJW,EPS COMPUTER SYSTEMS PTE LTD,"Orchard Road, Singapore","Fresher
•
USD 42,000 - 54,000 per month","Data Collection
Reporting",Posted 17 days ago
Senior Data Analyst,MUNICH MANAGEMENT PTE. LTD.,"Singapore, North Bridge","4 - 6 Years
•
USD 96,000 - 132,000 per month","Analytical Skills
Data pipelines
Business Intelligence",Posted 17 days ago
"Junior Data Analyst (1 Year Contract) | Up to $3,000/mth [ID:ELLL]",RECRUIT EXPRESS PTE LTD,"Singapore, Raffles Link / Raffles Place","1 - 4 Years
•
USD 33,600 - 36,000 per month","data analysis tools
Data Cleaning
Data Visualization",Posted 17 days ago
Senior Data Analyst,CHEIL SINGAPORE PTE. LTD.,"Singapore, Cecil Street","2 - 5 Years
•
USD 60,000 - 72,000 per month","Machine learning techniques
Statistical methods
Power Bi
Data Visualization
Tableau
Etl Process
Python
Sql",Posted 17 days ago
Senior Data Analyst - 4 months contract,RECRUIT EXPRESS PTE LTD,"Singapore, Raffles Link / Raffles Place","5 - 7 Years
•
USD 132,000 - 156,000 per month","strategic insights
Sql",Posted 17 days ago
Data Analyst (Healthcare),RECRUIT EXPRESS PTE LTD,Singapore,"2 - 4 Years
•
USD 48,000 - 54,000 per month","Data analysis tools such as Excel
Problem-solving
Process improvements and innovation
Statistical Analysis",Posted 17 days ago
"Data Analyst (1-year contract, with possibility of renewal)",RECRUIT EXPRESS PTE LTD,"Singapore, Maxwell","1 - 3 Years
•
USD 30,000 - 48,000 per month","R
Data Entry
Data Cleaning
Power Bi
Excel
Statistical Analysis
Sql
Python",Posted 17 days ago
Data Analyst (JD#9845),SMARTKARMA INNOVATIONS PTE. LTD.,Singapore,"2 - 4 Years
•
USD 48,000 - 72,000 per month","BI Tableau
Data Management
Spark
Data Governance
Python
Sql",Posted 17 days ago
Senior Data Analyst,MANPOWER STAFFING SERVICES (SINGAPORE) PTE LTD,"Singapore, Thomson","2 - 5 Years
•
USD 68,400 - 72,000 per month","Machine learning techniques
Statistical methods
Power Bi
Data Visualization
Tableau
Etl Process
Sql
Python",Posted 17 days ago
Data Analyst Specialist - WC2,TALENTS@WORK PTE. LTD.,Singapore,"1 - 3 Years
•
USD 48,000 - 84,000 per month","R
data manipulation and analysis libraries
Power Bi
PowerShell
Python
Sql",Posted 17 days ago
IT Data Analyst,ITCAN PTE. LIMITED,"Singapore, Robinson","5 - 7 Years
•
USD 66,000 - 102,000 per month","Power Bi
Ansible
Tableau
SSIS
Mssql
Qliksense
Sql
Aws S3",Posted 17 days ago
Data Analyst,RECRUIT EXPRESS PTE LTD,"Shenton Way, Singapore","5 - 7 Years
•
USD 84,000 - 114,000 per month","SDLC methodology
snowflake
DeltaLake
Kanban
OLTP Data Lake
Lakehouse technologies
S3
Data Factory
PostgreSQL
AWS Glue
Tableau
Informatica
JIRA
Confluence
Javascript
Scrum
Python
Agile Methodologies
Scala
Bash
Redshift
Sql
DataBricks
MS SQL
Powerbi
Xml
Etl",Posted 17 days ago
Data Analyst Intern (Minimum 5-Month Commitment),,"Singapore, Tai Seng","Fresher
•
USD 12,000 - 18,000 per month","Word
R
Powerpoint
Ms Excel
Javascript
Python
Sql",Posted 17 days ago
*NEW* 15 Months Contract Data Analyst ($6000- $7000) #NJE,MANPOWER STAFFING SERVICES (SINGAPORE) PTE LTD,"Orchard Road, Singapore","2 - 4 Years
•
USD 72,000 - 84,000 per month","Apis
Power Bi
Excel
Sql
Etl",Posted 17 days ago
15 Months Data Analyst #EEF,RECRUIT EXPRESS PTE LTD,"Orchard Road, Singapore","4 - 7 Years
•
USD 72,000 - 84,000 per month","Power Bi
microsoft power automate
Excel
Api Integration
Sql",Posted 17 days ago
Business Data Analyst,NETWORK GUARD PTE. LTD.,"Singapore, Thomson","7 - 10 Years
•
USD 72,000 - 96,000 per month","data analysis tools
reporting tool integration
data warehousing principles
Power Bi
Tableau
Excel
Sql",Posted 17 days ago
Business Data Analyst (JD#9846),PERSOLKELLY SINGAPORE PTE. LTD.,Singapore,"3 - 5 Years
•
USD 60,000 - 78,000 per month","Sql
Python",Posted 17 days ago
Business Data Analyst (JD#9879),UPPER SPRING CONSULTING PTE. LTD.,Singapore,"3 - 5 Years
•
USD 66,000 - 78,000 per month","Data Quality
Data Profiling
Data Governance
Sql
Python",Posted 17 days ago
Data Analyst - Data Science and Advanced Analytics Team (9 Months Contract),HAYS SPECIALIST RECRUITMENT PTE. LTD.,Singapore,"1 - 3 Years
•
USD 42,000 - 84,000 per month","Analytical SQL Functions
Data Visualization Tools
Pandas
Power Bi
Tableau
Sql
Python",Posted 17 days ago
"15 Months Data Analyst (ETL, SQL) #EEF",GMP TECHNOLOGIES (S) PTE LTD,"Orchard Road, Singapore","3 - 6 Years
•
USD 72,000 - 84,000 per month","Apis
Power Bi
Excel
Sql
Etl",Posted 17 days ago
Data Analyst,SINGAPORE INTERNATIONAL ARBITRATION CENTRE,Singapore,2 - 4 Years,"Tableau
Python
Sql",Posted 16 days ago
Data Analyst (Metadata),SCIENTE INTERNATIONAL PTE. LTD.,Singapore,,"metadata
Data Analyst
Data Governance",Posted a month ago
Business Data Analyst,THOMSON MEDICAL PTE. LTD.,Singapore,,"Business Data Analyst
Excel Macro
Python",Posted a month ago
TikTok Shop - Senior Data Analyst（Product Analyst),WECRUIT PTE. LTD.,Singapore,3 - 5 Years,"R
Sql
Python",Posted 22 days ago
"Data Analyst, Digital Manufacturing",EPS COMPUTER SYSTEMS PTE LTD,"Singapore, Woodlands",1 - 3 Years,"Robotics
Autonomous Systems
digital manufacturing
Automations
Ai
Engineering Principles
Project Management Tools
Ml
Iot",Posted 21 days ago
"VP, Data Analyst, T&O Data Chapter, Group Transformation",LYNEER CORP (SINGAPORE) PTE. LTD.,Singapore,10 - 12 Years,"Qlikview
Tableau
Python
Sql",Posted 28 days ago
Product Data Analyst,ESGPEDIA PTE. LTD.,Singapore,3 - 5 Years,"analytics support
experimentation frameworks
Data Strategy
Data Analytics
Predictive Analytics",Posted 24 days ago
Actuarial Data Analyst,RECRUIT EXPRESS PTE LTD,Singapore,Fresher,"Power Bi
Vba
Excel
Sql
Python",Posted 23 days ago
"Associate/AVP, Data Business Analyst, Data Strategy Group (JR16162)",RECRUIT EXPRESS PTE LTD,"Singapore, Robinson",5 - 7 Years,"Business Analysis
snowflake
Denodo
Data Management
Tableau
Data Analytics
Informatica
Oracle
Python",Posted 2 days ago
Consumer Insights and Analytics (Data Analytics) Analyst,,"Singapore, Bendemeer",Fresher,"Powerpoint
Data Analysis
Microsoft Office Suite
Power Bi
Excel
Python
Sql",Posted 2 days ago
"Associate/AVP, Data Business Analyst (Data Research Advisory), Data Strategy Group (JR16176)",RECRUIT EXPRESS PTE LTD,"Singapore, Robinson",5 - 7 Years,"Business Analysis
Data Management
Data Analytics
Python",Posted 2 days ago
Data Science Analyst,SHARKNINJA APAC HOLDING PTE. LTD.,Singapore,Fresher,"econometrics techniques
R
data science techniques
Stata
Python",Posted 8 days ago
Data Analyst (Digital Transformation),SCIENTE INTERNATIONAL PTE. LTD.,Singapore,2 - 4 Years,"Microsoft Power Platform
Sharepoint
cloud platforms
MS SQL
Powerbi
Knime
Python",Posted a month ago
Data Governance Analyst,SCIENTE INTERNATIONAL PTE. LTD.,"Orchard Road, Singapore","4 - 6 Years
•
USD 84,000 - 90,000 per month","Data exploitation
Data Strategy
Regulatory Requirements
data sharing
Data Management",Posted 17 days ago
Enterprise Data Governance Analyst,BANK OF SINGAPORE LIMITED,Singapore,"4 - 8 Years
•
USD 84,000 - 108,000 per month","Stakeholder Engagement
Data Governance Framework Development
Data Quality Management
Regulatory Compliance
Tools and techniques of data governance
Risk Management",Posted 17 days ago
"Data Analyst - Marketing Analytics, Regional Brand & Growth Marketing",RECRUIT EXPRESS PTE LTD,Singapore,Fresher,"Hadoop
Vba
Spark
Sql
Python",Posted a month ago
Data Analyst,StarHub,"Singapore, Boon Lay, Jalan Boon Lay","1 - 3 Years
•
USD 60,000 - 72,000 per month","R
Microstrategy
Oracle Db
Power Bi
PostgreSQL
Mssql
Python",Posted a month ago
Data Analyst - JK,Elliott Moss Consulting Pte Ltd,Singapore,"Fresher
•
USD 48,000 - 52,800 per month","Bloomberg
API data
Powerbi
Tableau",Posted a month ago
Data Analyst,Elliott Moss Consulting Pte Ltd,Singapore,3 - 5 Years,"R
Looker
ETL pipelines
Power Bi
MySQL
Data Warehouse Architecture
Tableau
Python
Google Cloud
Sql
AWS",Posted a month ago
Lead Data Analyst (International Centre for Aviation Innovation),TikTok,Singapore,Fresher,"Advanced Excel functions
Python coding
Data cleansing and normalization
Power Bi
Data Visualization
Data Architecture
Sql Programming
Tableau
Data Analytics",Posted a month ago
Data Analyst - Fintech Company,GlobalFoundries,Singapore,Fresher,"data protection regulations
data visualization tools
Data Governance",Posted a month ago
"Sr Data Analyst , Information Analytics Services",DBS Bank,Singapore,5 - 7 Years,"R
Statistical Modeling
Deep Learning
Java
Machine Learning
Hadoop
Spark
Python
HTML",Posted a month ago
Data Analyst Intern,Crypto.com,Singapore,Fresher,"ChatGPT
Amazon Q
dbt
AI technologies
Apache Superset
Redshift
Sql",Posted a month ago
"Asset and Wealth Management, Operations - Public, Data Analytics, Analyst/Associate, Singapore",Munich Re,Singapore,2 - 4 Years,"Scikit-Learn
R
Xceptor
Unqork
Business Intelligence
Alteryx
Artificial Intelligence
Ms Sql Server
Tableau
Nltk
Pandas
Elasticsearch
Qlik
Data Visualization
Python
Appian",Posted 17 days ago
"Sr Data Analyst, Information Management Systems",GIC PRIVATE LIMITED,Singapore,2 - 4 Years,"Shiny
R
Sharepoint
Java
Sql
HTML
Django
Visual Basic
Flask
Xml
Excel
Python",Posted a month ago
Data Analyst (Internship),ASIAONE ONLINE PTE. LTD.,Singapore,Fresher,"Sql
Python",Posted a month ago
Junior Data Analyst,,Singapore,Fresher,"Power Bi
Tableau
Excel
Python
Sql",Posted a month ago
Data Analyst,SHARKNINJA APAC HOLDING PTE. LTD.,Singapore,2 - 4 Years,"data analysis automation
Power Bi
Pl Sql
Excel
Mssql
Sql",Posted a month ago
"Data Analyst, Data Centre",GIC PRIVATE LIMITED,Singapore,Fresher,"Data evaluation
Data visualization tools
Analytics skills
Data Visualization
Excel
Sql",Posted a month ago
Data Analyst,Synapxe,"Shenton Way, Singapore","5 - 8 Years
•
USD 78,000 - 102,000 per month","Analytical Skills
Pipelines
metadata
Business Intelligence
data engineering
Data Management
Uat
Tableau
Informatica
Data Integration
Sql
Databases
Javascript
Data Visualization
Data Analytics
Python",Posted a month ago
"Data/Research Analyst (1 yr contract, up to $7k)",GMP Technologies,Singapore,"3 - 5 Years
•
USD 72,000 - 84,000 per month","Technical operations capacity
Querying databases with SQL
Data manipulation using Excel
Digital rights management products",Posted 17 days ago
Data Analyst - AI Innovation Business,RECRUIT EXPRESS PTE LTD,Singapore,3 - 5 Years,"Machine Learning
data mining
Sql
Python",Posted a month ago
Senior/ Data Analyst (Data Analytics) (Contract),PRUDENTIAL ASSURANCE COMPANY SINGAPORE (PTE) LIMITED,Singapore,"2 - 5 Years
•
USD 48,000 - 72,000 per month","R
Plotly
statistical software
Scikit-Learn
Numpy
Scipy
Pandas
Tableau
Python
AWS",Posted a month ago
Data Analyst - Buyer & Marketing (2025 Fresh Graduates),Shopee,Singapore,Fresher,"Druid
Google Data Studio
data access tools
Lumos
statistical methods
Time Series Analysis",Posted a month ago
Data Analyst (JD#9757),ST ENGINEERING LAND MRO & SERVICES PTE. LTD.,Singapore,"1 - 3 Years
•
USD 42,000 - 54,000 per month","Big Data platforms
R
Metadata tools
Bi Tools
Power Bi
Microsoft Office
Tableau
Data Warehousing
Sql
Python",Posted a month ago
Data Analyst - Contract,PASONA SINGAPORE PTE. LTD.,Singapore,1 - 3 Years,"Power Bi
Tableau
Excel
Python
Sql",Posted a month ago
Data Analyst,OSL,Singapore,Fresher,"R
Looker Studio
statistical methods
Power Bi
Tableau
Sql
Python",Posted a month ago
Regional Operations Data Analyst,Civil Aviation Authority of Singapore,Singapore,1 - 4 Years,"R
Power Bi
Tableau
Sql
Python",Posted a month ago
"Data Analyst - Business Intelligence, Regional Operations",Empower Partners Singapore,Singapore,Fresher,"Looker
Hive
Hadoop
Spark
Etl Tools
Tableau
Sql
Python",Posted a month ago
Regional Marketplace Operations Data Analyst,Tan Tock Seng Hospital,Singapore,Fresher,"Data Analysis
Data Management
Python
Sql",Posted a month ago
Data Business Analyst,Razer Inc.,Singapore,"5 - 8 Years
•
USD 102,000 - 144,000 per month","Crystal Reports
Dataiku
snowflake
Fix Protocol
PowerShell
Power Platform
Tableau
Autosys
UNIX
Sql
Appdynamics
Shell
Linux
Perl
Vba
Splunk
Excel
Python",Posted 17 days ago
Data Analyst - Regional Operations,Goldman Sachs,Singapore,1 - 5 Years,"Power Bi
Tableau
Python
Sql",Posted a month ago
Senior Data Analyst,Tan Tock Seng Hospital,Singapore,3 - 5 Years,"AWS cloud services
Python
Sql
Hadoop
Kafka
Spark",Posted a month ago
Actuarial Data Analyst,,Singapore,Fresher,"Actuarial knowledge
Data analysis automation
Power Bi
Data Visualization
Vba
Data Transformation
Data Analytics
Python
Sql",Posted a month ago
Senior Data Analyst,GIC PRIVATE LIMITED,Singapore,"3 - 5 Years
•
USD 45,600 - 62,400 per month","Business Intelligence
Tableau
Data Analytics
Sql
Python",Posted a month ago
Data Analyst,ShopBack,Singapore,"5 - 7 Years
•
USD 60,000 - 96,000 per month","Google Cloud Platform
Bi Reporting Tools",Posted a month ago
Data Analyst,Kpler,Singapore,"2 - 4 Years
•
USD 36,000 - 42,000 per month","R
Power Bi
Tableau
Microsoft Excel
Python
Sql",Posted a month ago
Data Analyst (JD#9795),JobAlly,Singapore,"2 - 4 Years
•
USD 48,000 - 66,000 per month","Project Management
Data Analysis
Data Management
Spark
Agile Development Methodologies
Data Governance
Python
Sql",Posted a month ago
Data Analyst,Singtel,"Singapore, Cecil Street","2 - 5 Years
•
USD 48,000 - 60,000 per month","Macros
Microsoft Excel",Posted a month ago
"12 Months Data Analyst, Raffles Place",LYNEER CORP (SINGAPORE) PTE. LTD.,Singapore,"5 - 7 Years
•
USD 36,000 - 42,000 per month","Alteryx
Vba
Microsoft Excel
Sql
Python",Posted a month ago
Data Analyst,PEOPLEBANK SINGAPORE PTE. LTD.,Singapore,"2 - 5 Years
•
USD 36,000 - 42,000 per month","R
Power Bi
Tableau
Microsoft Excel
Python
Sql",Posted a month ago
Data Analyst,ByteDance,Singapore,"4 - 6 Years
•
USD 54,000 - 84,000 per month","Power Bi
Tableau
Msbi
Azure
Sql
AWS",Posted a month ago
Data Analyst (JD#9784),NATIONAL UNIVERSITY HEALTH SERVICES GROUP PTE. LTD.,Singapore,"3 - 6 Years
•
USD 42,000 - 60,000 per month","CFT
R
Aml
Machine Learning
Powerbi
Qlik
Tableau
Sql",Posted a month ago
Data Analyst (JD#9823),Shopee,Singapore,"1 - 4 Years
•
USD 48,000 - 60,000 per month","Machine Learning
Powerbi
Qlik
Tableau
Python
Sql",Posted a month ago
"Senior Data Analyst, Data Management Unit (Healthcare Sector) - #SM",SCIENTE INTERNATIONAL PTE. LTD.,Singapore,"2 - 4 Years
•
USD 57,600 - 67,200 per month","OAS
R
MS Access
UiPath RPA
Ms Excel
Qlik Sense
Power Bi
Sql Query
SAS
Tableau
OBIEE
Qlikview
Python",Posted a month ago
Senior Data Analyst,ZENITH INFOTECH (S) PTE LTD.,"Shenton Way, Singapore","8 - 11 Years
•
USD 96,000 - 120,000 per month","Analytical Skills
Pipelines
metadata
Business Intelligence
data engineering
Data Management
Uat
Tableau
Informatica
Data Integration
Sql
Databases
Javascript
Data Visualization
Data Analytics
Python",Posted a month ago
Data Analyst (JD#9757),Mighty Bear Games,Singapore,"1 - 3 Years
•
USD 42,000 - 54,000 per month","Big Data platforms
R
Metadata tools
Bi Tools
Power Bi
Microsoft Office
Tableau
Data Warehousing
Sql
Python",Posted a month ago
Data Analyst - Contract,Shopee,Singapore,1 - 3 Years,"Power Bi
Tableau
Excel
Python
Sql",Posted a month ago
Data Analyst,Shopee,Singapore,Fresher,"R
Looker Studio
statistical methods
Power Bi
Tableau
Sql
Python",Posted a month ago
Data Analyst (Digital Transformation),Shopee,Singapore,2 - 4 Years,"Microsoft Power Platform
Sharepoint
cloud platforms
MS SQL
Powerbi
Knime
Python",Posted a month ago
Regional Operations Data Analyst,,Singapore,1 - 4 Years,"R
Power Bi
Tableau
Sql
Python",Posted a month ago
"Data Analyst - Business Intelligence, Regional Operations",ShopBack,Singapore,Fresher,"Looker
Hive
Hadoop
Spark
Etl Tools
Tableau
Sql
Python",Posted a month ago
Data Business Analyst,IKAS INTERNATIONAL (ASIA) PTE. LTD.,Singapore,"5 - 8 Years
•
USD 102,000 - 144,000 per month","Crystal Reports
Dataiku
snowflake
Fix Protocol
PowerShell
Power Platform
Tableau
Autosys
UNIX
Sql
Appdynamics
Shell
Linux
Perl
Vba
Splunk
Excel
Python",Posted 17 days ago
Actuarial Data Analyst,Shopee,Singapore,Fresher,"Actuarial knowledge
Data analysis automation
Power Bi
Data Visualization
Vba
Data Transformation
Data Analytics
Python
Sql",Posted a month ago
Data Analyst - JK,QCP,Singapore,"Fresher
•
USD 48,000 - 52,800 per month","Bloomberg
API data
Powerbi
Tableau",Posted a month ago
Data Analyst,Munich Re,"Eunos, Singapore","2 - 4 Years
•
USD 72,000 - 144,000 per month","data engineering
Unit Testing
Machine Learning Algorithms
Data Analytics
Python",Posted a month ago
"AVP, Senior Data Analyst, Data Governance (GDMO)",FINEXIS ADVISORY PTE. LTD.,Singapore,3 - 5 Years,"Compliance
Data Analysis
Treasury Products
process improvement
commercial banking products
Communication Skills
Data Management
Data Quality
Data Analytics
Data Governance",Posted a month ago
Strategy Data Analyst,ALLEGIS GROUP SINGAPORE PRIVATE LIMITED,Singapore,"5 - 7 Years
•
USD 78,000 - 102,000 per month","Metabase
BigQuery
Tableau
Sql",Posted a month ago
Data Analyst,A-STAR TESTING & INSPECTION (S) PTE. LTD.,"Singapore, Tai Seng","5 - 7 Years
•
USD 54,000 - 78,000 per month","Data Automation
Segmentation Techniques
data models
Large Language Models
Power Bi
Data Mining
Xml
Sql
Etl
Database Design",Posted a month ago
Data Analyst,SCIENTE INTERNATIONAL PTE. LTD.,Singapore,"3 - 6 Years
•
USD 48,000 - 60,000 per month","segmentation techniques
AI applications
Looker Studios
Data Modelling
google sheets
PostgreSQL
data mining
Database Design
Hubspot
Sql",Posted a month ago
Data Analyst,INNOCELLENCE SYSTEMS PTE. LTD.,"Singapore, Kallang","3 - 5 Years
•
USD 42,000 - 66,000 per month","R
Pyspark
PowerShell
Apache Spark
Tableau
Sql
Git
Javascript
Powerbi
Zoho
Microsoft Excel
Python",Posted a month ago
Data Analyst,HUDSON RPO (SINGAPORE) PTE. LTD.,"Singapore, Raffles Link / Raffles Place","2 - 4 Years
•
USD 60,000 - 63,600 per month","De-identification
Shiny
Data Storage
Data anonymization
Ai
Re-identification
Statistical Modeling
R
Sharepoint
Java
Ml
HTML
Sql
Django
Visual Basic
Machine Learning
Xml
Flask
Excel
Python",Posted a month ago
Data Analyst - JO3125,A STAR TECHNICAL SERVICES PTE. LTD.,"Singapore, Raffles Link / Raffles Place","2 - 4 Years
•
USD 60,000 - 66,000 per month","Shiny
R
Sharepoint
Java
HTML
Sql
Django
Visual Basic
Flask
Xml
Excel
Python",Posted a month ago
Data Analyst,ANTER RECRUITMENT PTE. LTD.,Singapore,"3 - 5 Years
•
USD 48,000 - 60,000 per month","Word
Powerpoint
DFP
Project Management
adsense
Account Management
Data Analysis
Ad Operations
AdMob
Microsoft Office Suite
Sql
adx
Excel",Posted a month ago
Data Analyst,SCIENTE INTERNATIONAL PTE. LTD.,"Singapore, Toa Payoh","2 - 5 Years
•
USD 60,000 - 84,000 per month","Data Pipelines
Data Democratisation
Prescriptive Analytics
Business Intelligence
data engineering
Data Analytics",Posted a month ago
Data Analyst***,SCIENTE INTERNATIONAL PTE. LTD.,Singapore,"2 - 4 Years
•
USD 48,000 - 60,000 per month","IT policy
cybersecurity principles
Analytic tools
It Audit
Ms Power Bi
Power Automate
it risk management
Information Security
It Compliance",Posted a month ago
Lead Data Analyst,TALENTS@WORK PTE. LTD.,Singapore,8 - 10 Years,"R
Power Bi
Tableau
Python
Sql",Posted a month ago
Business & Data Analyst,,"Scotts Road, Singapore","3 - 5 Years
•
USD 54,000 - 84,000 per month","Basic to intermediate SQL knowledge
Advanced Python knowledge",Posted a month ago
Data Analyst,IKAS INTERNATIONAL (ASIA) PTE. LTD.,"Singapore, Tai Seng","5 - 7 Years
•
USD 54,000 - 78,000 per month","Data Automation
Segmentation Techniques
data models
Large Language Models
Power Bi
Data Mining
Xml
Sql
Etl
Database Design",Posted a month ago
Strategy Data Analyst,LYNEER CORP (SINGAPORE) PTE. LTD.,Singapore,"5 - 7 Years
•
USD 78,000 - 102,000 per month","Metabase
BigQuery
Tableau
Sql",Posted a month ago
Data Analyst,SCIENTE INTERNATIONAL PTE. LTD.,Singapore,"3 - 6 Years
•
USD 48,000 - 60,000 per month","segmentation techniques
AI applications
Looker Studios
Data Modelling
google sheets
PostgreSQL
data mining
Database Design
Hubspot
Sql",Posted a month ago
Data Analyst (JD#9784),ZENITH INFOTECH (S) PTE LTD.,Singapore,"3 - 6 Years
•
USD 42,000 - 60,000 per month","CFT
R
Aml
Machine Learning
Powerbi
Qlik
Tableau
Sql",Posted a month ago
Data Analyst (JD#9823),Mighty Bear Games,Singapore,"1 - 4 Years
•
USD 48,000 - 60,000 per month","Machine Learning
Powerbi
Qlik
Tableau
Python
Sql",Posted a month ago
"Senior Data Analyst, Data Management Unit (Healthcare Sector) - #SM",GMP Technologies,Singapore,"2 - 4 Years
•
USD 57,600 - 67,200 per month","OAS
R
MS Access
UiPath RPA
Ms Excel
Qlik Sense
Power Bi
Sql Query
SAS
Tableau
OBIEE
Qlikview
Python",Posted a month ago
Aug/Sept 2025 Data Analyst (HealthTech Associate Programme),Shopee,Singapore,Fresher,"R
Data Mining techniques
Pl Sql
Python
Sql",Posted a month ago
Associate Data Analyst,Shopee,Singapore,Fresher,"Powerbi
Tableau
Excel
Sql",Posted a month ago
Associate Data Analyst,IKAS INTERNATIONAL (ASIA) PTE. LTD.,Singapore,Fresher,"Powerbi
Tableau
Excel
Data Modelling
Sql
Python
ELT
Etl",Posted a month ago
"Associate Manager, Data Analyst",Munich Re,Singapore,5 - 7 Years,"Dimensional modelling
R
Alteryx
Power Bi
Azure Synapse analytics
Azure Databricks
Data Analytics
Azure Cloud
Azure Machine learning
Spark
Python
Azure Devops",Posted a month ago
Senior Data Analyst,PASONA SINGAPORE PTE. LTD.,Singapore,5 - 7 Years,"Big Query
Looker Studio
Google Docs
google sheets
Tableau",Posted a month ago
Data Analyst - Global Payment - Singapore,ACTIVATE INTERACTIVE PTE LTD,Singapore,5 - 7 Years,"Java
Golang
Hive
Spark
Sql",Posted a month ago
Data Analyst,OCBC,Singapore,Fresher,"Building statistical ML models
Statistical machine learning
Unit regression testing
Pyspark
Data Cleaning
Databricks
Sql
Python",Posted a month ago
Data Analyst,XFERS PTE. LTD.,Singapore,Fresher,"Precisely
data governance tools
Collibra
Excel
Informatica",Posted a month ago
TikTok Shop - Data Analyst Intern - 2025 Start,WILLIAMS-SONOMA SINGAPORE PTE. LTD.,Singapore,Fresher,"data statistics
Scripting Language
Excel
Python
Sql",Posted a month ago
E-commerce Data Analyst,90 SECONDS PTE. LTD.,Singapore,3 - 5 Years,"Data Analysis
R
data statistics
Python
Sql",Posted a month ago
"Data Analyst, Singapore",,Singapore,5 - 7 Years,"Hive
Hadoop
Sql",Posted a month ago
Aug/Sept 2025 Data Analyst (HealthTech Associate Programme),LYNEER CORP (SINGAPORE) PTE. LTD.,Singapore,Fresher,"R
Data Mining techniques
Pl Sql
Python
Sql",Posted a month ago
TikTok Shop - Data Analyst,PYLON.AI PTE. LTD.,Singapore,3 - 5 Years,"Modeling
R
ab testing
Optimization
advanced measurement
causal inference
Python
Sql",Posted a month ago
Data Analyst (BI&A) - SeaMoney Credit,CTES CONSULTING PTE. LTD.,Singapore,Fresher,"Business Intelligence
Analytics
data engineering
Data Analytics
Python
Sql",Posted a month ago
Data Analyst,CTES CONSULTING PTE. LTD.,Singapore,7 - 9 Years,"Statistical Knowledge
Data storytelling
Hadoop
Spark
Sql
Python",Posted a month ago
Senior/ Data Analyst (Data Engineering) (Contract),AD ASTRA CONSULTANTS PRIVATE LTD.,Singapore,2 - 5 Years,"RAG Retrieval-Augmented Generation tools
Plotly
Scikit-Learn
Dash
Scipy
SQL Server
Sql
Numpy
Django
Pandas
Docker
Restful Apis
Kubernetes
Python
AWS",Posted a month ago
Data Analyst Intern,SPH MEDIA LIMITED,Singapore,Fresher,"ChatGPT
Amazon Q
dbt
AI technologies
Apache Superset
Redshift
Sql",Posted a month ago
Data Analyst,ETHOS SEARCH ASSOCIATES PTE. LTD.,Singapore,2 - 5 Years,"Looker
Tableau
Google Analytics
Excel
Sql",Posted a month ago
Aug/Sept 2025 Data Analyst (HealthTech Associate Programme),Ubisoft,Singapore,Fresher,"R
Data Mining techniques
Pl Sql
Python
Sql",Posted a month ago
"Data Analyst, Singapore",SWAT MOBILITY PTE. LTD.,Singapore,5 - 7 Years,"Hive
Hadoop
Sql",Posted a month ago
Senior/ Data Analyst (Data Engineering) (Contract),WILLIAMS-SONOMA SINGAPORE PTE. LTD.,Singapore,"2 - 4 Years
•
USD 48,000 - 72,000 per month","RAG Retrieval-Augmented Generation tools
clinical AI design
system integration
Docker
SQL Server
Restful Apis
Kubernetes
Sql
AWS",Posted a month ago
Senior/ Data Analyst (Data Engineering) (Contract),XFERS PTE. LTD.,Singapore,2 - 5 Years,"RAG Retrieval-Augmented Generation tools
Plotly
Scikit-Learn
Dash
Scipy
SQL Server
Sql
Numpy
Django
Pandas
Docker
Restful Apis
Kubernetes
Python
AWS",Posted a month ago
Data Analyst (Contract),90 SECONDS PTE. LTD.,Singapore,1 - 3 Years,"R
Qlik Sense
Machine Learning
Hadoop
Artificial Intelligence
Power Bi
Tableau
Python
Sql",Posted a month ago
Data Analyst - AI Innovation Business,SCIENTE INTERNATIONAL PTE. LTD.,Singapore,3 - 5 Years,"Machine Learning
data mining
Sql
Python",Posted a month ago
Data Analyst ( Power BI SQL MDM ),SCIENTE INTERNATIONAL PTE. LTD.,"Singapore, Raffles Link / Raffles Place","2 - 4 Years
•
USD 60,000 - 72,000 per month","Data Quality
Data Management
Data Migration
Power Bi
Data Governance
Sql",Posted a month ago
Senior Data Analyst (Marketing),TALENTS@WORK PTE. LTD.,Singapore,5 - 7 Years,"Data Analysis
Powerbi
Sql",Posted a month ago
Data Analyst,Synapxe,Singapore,3 - 8 Years,"Data Mapping
Data Migration
Data Profiling
Itil",Posted a month ago
Senior Data Analyst,,"Shenton Way, Singapore","8 - 11 Years
•
USD 96,000 - 120,000 per month","Analytical Skills
Pipelines
metadata
Business Intelligence
data engineering
Data Management
Uat
Tableau
Informatica
Data Integration
Sql
Databases
Javascript
Data Visualization
Data Analytics
Python",Posted a month ago
Data Analyst,PYLON.AI PTE. LTD.,Singapore,2 - 4 Years,"machine learning techniques
Power Bi
Tableau
Etl Process
Python
Sql",Posted a month ago
Senior/ Data Analyst (Data Analytics) (Contract),Aon,Singapore,"2 - 5 Years
•
USD 48,000 - 72,000 per month","R
Plotly
statistical software
Scikit-Learn
Numpy
Scipy
Pandas
Tableau
Python
AWS",Posted a month ago
Data Analyst (Proficient in Hindi/Tamil Language),Aon,Singapore,Fresher,"Tableau
Python
Sql",Posted a month ago
Data Analyst (Proficient in Hindi/Tamil Language),KPMG Singapore,Singapore,Fresher,"data analysis tools
search and recommendations engines
large language models
Machine Learning
Tableau
Python
Sql",Posted a month ago
"Data Analyst (Tableau, R, Python, SQL, Power BI, Advanced Excel)",Sleek,"Singapore, Bukit Batok","1 - 4 Years
•
USD 42,000 - 60,000 per month","Macros
Power Bi
Tableau
Microsoft Excel
Sql
Python",Posted a month ago
Data Solution Operations - Analyst,ByteDance,Singapore,Fresher,"Data Analysis Tools
Visio
Jupyter Notebook
Microsoft Office Suite
Confluence
Alteryx
Collibra
Tableau
Excel
Python
Sql",Posted 2 days ago
IT Business Analyst (Data Analytics / Agile),Aon,Singapore,3 - 5 Years,"legacy system modernization
interactive visualisation dashboards
Design Thinking
application solution design
analytics architecture
feature engineering
Waterfall
Power Bi
Testing
Big Data Technologies
Service Design
Enterprise Architecture
Tableau
Data Manipulation
Data Cleansing
It Business Analysis
Agile
Etl Tools
Data Governance
cloud solutions
Python",Posted 2 days ago
"AIML - Data Operations Annotation Analyst, Vietnamese (12 months contract)",N2S.Global,Singapore,Fresher,"Analytical Skills
Experience in content review or a similar environment
Attention To Detail
Critical thinking skills
Ability to independently navigate systems and tools",Posted a day ago
"IT Application Analyst, Data & Process Analytics",TikTok,"Singapore, Bendemeer",5 - 7 Years,"Data Process Analytics Systems
Power Bi
Microsoft Azure
Data Modelling
Data Warehousing
Dax
Sql",Posted 2 days ago
IT Analyst (Data),TikTok,Singapore,5 - 7 Years,"Power Bi
Ansible
Tableau
SSIS
Mssql
Sql
Qliksense
Aws S3",Posted 2 days ago
IT Analyst (Data),TikTok,Singapore,5 - 7 Years,"Power Bi
Ansible
Tableau
SSIS
Mssql
Sql
Qliksense
Aws S3",Posted 2 days ago
Business Analyst - Data Conversion (NGEMR),Synapxe,"Singapore, North Buona Vista",10 - 13 Years,"Hl7
Sftp
Dicom
Sql",Posted 2 days ago
Demand Analyst (Data Scientist),TikTok,Singapore,4 - 7 Years,"R
Machine Learning
Google Cloud Platform
Microsoft Power Bi
Data Visualization
Big Data
Python
Sql",Posted 2 days ago
Data and Pricing Analyst,SeaMoney,Singapore,5 - 8 Years,"actuarial techniques
Pricing Models
technology implementation
Data Analytics
Data Transformation",Posted 2 days ago
IT Analyst (Data),Stripe,Singapore,5 - 7 Years,"Power Bi
Ansible
Tableau
Mssql
SSIS
Qliksense
Sql
Aws S3",Posted 2 days ago
Data Researcher/ Research Analyst,NATIONAL UNIVERSITY HEALTH SERVICES GROUP PTE. LTD.,"Singapore, Marina",1 - 3 Years,"Qualitative Research
Powerpoint
Microsoft Office
Excel",Posted 2 days ago
Technical Business Analyst - Data Engineering & AI (Investment Bank),,Singapore,8 - 11 Years,"AI Technologies
AI Frameworks
Business Analysis
data engineering
Data Modeling
Sql",Posted 2 days ago
"IT Business Intelligence Analyst, Data & Analytics",Aon,"Singapore, Tai Seng",3 - 5 Years,"Azure DevOps Services
Analysis Services
Statistical Techniques
Azure Repos
Power Bi
Data Warehouse
Power Query
Sql
Data Lake
Data Analytics
Dax
Etl",Posted 2 days ago
"[Temp for 7 months] Analyst (Data Office), SPR",Razer Inc.,Singapore,Fresher,"R
survey design
Data Cleaning
Microsoft Excel",Posted 10 days ago
"Intermediate Business Analyst, Data Solutions",foodpanda,"Singapore, Marina","2 - 4 Years
•
USD 84,000 - 132,000 per month","Data Analysis
Sybase
Tsql
Oracle
Sql",Posted 17 days ago
"IT Application Analyst, Data & Process Analytics",Synapxe,"Singapore, Bendemeer","5 - 7 Years
•
USD 72,000 - 108,000 per month","Sap Erp
Data Process Analytics Systems
SalesForce
Requirements Gathering
Microsoft Azure
Data Modelling
Data Warehousing
Dax
Sql",Posted 17 days ago
Business Analyst (Data Warehouse & Analytics),TikTok,"Singapore, North Buona Vista","7 - 9 Years
•
USD 72,000 - 108,000 per month","project management
advanced analytics tools
Business Intelligence
Advanced Analytics
Data Warehouse
Data Management",Posted 17 days ago
"Business Analyst, Data Governance (Bank l Contract) Up to $8K",NATIONAL UNIVERSITY HEALTH SERVICES GROUP PTE. LTD.,Singapore,"3 - 5 Years
•
USD 60,000 - 96,000 per month","data quality principles
data governance best practices
Python
Sql",Posted 17 days ago
Business Analyst (Data),NATIONAL UNIVERSITY HEALTH SERVICES GROUP PTE. LTD.,"Shenton Way, Singapore","3 - 6 Years
•
USD 96,000 - 132,000 per month","snowflake
Microsoft Sql Server
Oracle
Python
Sql",Posted 17 days ago
Lead/ Senior Research Analyst (Data Science),JTC Corporation,Singapore,Fresher,"reinforcement learning
Econometric studies
Large language models
Operations Research
Natural experiments
Cluster Analysis
Predictive Analytics",Posted 16 days ago
AIML - Data Operations Annotation Analyst (Vietnamese),ByteDance,"Singapore, Ang Mo Kio","1 - 4 Years
•
USD 36,000 - 42,000 per month","Analytical Skills
Attention To Detail
Critical thinking skills
Experience in content review",Posted 17 days ago
"Operations Analyst, Data Services",RANDSTAD PTE. LIMITED,Singapore,2 - 4 Years,"BBG
Reuters
ssi
Client Reference Data
Microsoft Excel",Posted 15 days ago
Business Analyst - Data Management,ExpressVPN,Singapore,"8 - 10 Years
•
USD 96,000 - 144,000 per month","Powerpoint
Alteryx
Confluence
Tableau
Jira
Excel",Posted 17 days ago
SAP Data Migration Analyst,Shell Infotech,Singapore,"3 - 5 Years
•
USD 54,000 - 78,000 per month","Pmp
SAP implementation methodologies
Cbap
Prince2
Sap Data Migration
Itil",Posted a month ago
Data/BI Analyst (PowerBI),LYNEER CORP (SINGAPORE) PTE. LTD.,Singapore,"3 - 5 Years
•
USD 60,000 - 78,000 per month","Powerbi
Azure
Sql",Posted a month ago
Data Management Analyst,Tech Grid Asia,Singapore,"4 - 6 Years
•
USD 72,000 - 126,000 per month","Investment Data Domain Knowledge
Data Quality Checks
Documentation Support
data reconciliation
Data Management
Oracle Pl Sql",Posted a month ago
Data Team Analyst,NATIONAL UNIVERSITY HEALTH SERVICES GROUP PTE. LTD.,"Singapore, Temasek Avenue","2 - 4 Years
•
USD 104,400 - 135,600 per month","Power Apps
Git
Data Factory
Power Bi
Databricks
Python
Sql
Azure DevOps",Posted a month ago
Data/BI Analyst (PowerBI),Manpower Singapore,"Singapore, Temasek Boulevard","3 - 5 Years
•
USD 60,000 - 84,000 per month","Powerbi
Azure
Sql",Posted a month ago
Data Team Analyst,,"Singapore, Temasek Avenue","2 - 4 Years
•
USD 104,400 - 135,600 per month","Power Apps
Git
Data Factory
Power Bi
Databricks
Python
Sql
Azure DevOps",Posted a month ago
Data Management Analyst,Razer Inc.,Singapore,"4 - 6 Years
•
USD 72,000 - 126,000 per month","Investment Data Domain Knowledge
Data Quality Checks
Documentation Support
data reconciliation
Data Management
Oracle Pl Sql",Posted a month ago
Data Quality Analyst - Aviation,Manpower Singapore,Singapore,Fresher,"Data Migration
Data Cleansing
Python
Sql",Posted a month ago
"Manager/ Senior Manager, Data Business Analyst",ALLIANCE HEALTHCARE GROUP LIMITED,"Singapore, Kallang",5 - 7 Years,"Power Bi
Tableau
Python
Sql",Posted a month ago
Data Management Analyst,"JPMORGAN CHASE BANK, N.A.",Singapore,3 - 5 Years,"MSSQL Server Management Studio
Data quality principles
Crm Systems
Master Data Management
Data management tools
Sql Queries
Power Bi
Microsoft Sql Server
Data Governance
Excel",Posted a month ago
Data Operations Analyst,SCIENTEC CONSULTING PTE. LTD.,Singapore,3 - 5 Years,"Linux
SQL Server
Windows
Python
AWS",Posted a month ago
Data Insight Analyst,Apple,Singapore,Fresher,Risk management principles,Posted a month ago
Market Research Analyst (Business | Data),GETINGE SOUTH EAST ASIA PTE. LTD.,"Singapore, Jurong East",5 - 7 Years,"Qualitative Research
Data collection methods
Data Analysis
Quantitative Research
Market research
Interpretation
Data management tools
Report Writing
survey design
BI Visualization tools
Tableau
Sql",Posted 2 days ago
IT Business Analyst (Agile / Data Analytics) - spvw,ACHIEVE SUCCESS PTE. LTD.,"Singapore, Maritime Square",4 - 6 Years,"modernization of legacy systems
cloud-based solutions
Design Thinking
pre-processing
feature engineering
interactive dashboards
Data Manipulation
Power Bi
Big Data Technologies
Enterprise Architecture
Service Design
Tableau
Data Cleansing
Etl Tools
Data Visualization
Python",Posted 2 days ago
Data Quality Engineer/Analyst,ACHIEVE SUCCESS PTE. LTD.,"Eunos, Singapore","2 - 4 Years
•
USD 72,000 - 144,000 per month","data engineering
Unit Testing
Machine Learning Algorithms
Data Analytics
Python",Posted a month ago
Data Quality Engineer/Analyst - A24122,SYNAPXE PTE. LTD.,"Eunos, Singapore","2 - 4 Years
•
USD 72,000 - 144,000 per month","data engineering
Unit Testing
Machine Learning Algorithms
Data Analytics
Python",Posted a month ago
"Project Business Analyst (Data Analytics, Cloud)",SEARCHASIA CONSULTING PTE. LTD.,"Singapore, North Buona Vista","7 - 9 Years
•
USD 60,000 - 96,000 per month","Informatica IDMC
Data Cataloguing
Hadoop
Power Bi
Apache Spark
Tableau
Data Warehouse
Devops
Git
Docker
Advanced Analytics
Databricks
Aws Cloud
Data Governance
Kubernetes",Posted a month ago
Business Analyst - Data Governance | Contract | Bank,CANOPIUS ASIA PTE. LTD.,Singapore,3 - 5 Years,"data quality principles
data governance best practices
Python
Sql",Posted a month ago
"Analyst, Data Governance (Job ID: 10068361)",ACHIEVE TALENTS PTE. LTD.,Singapore,"1 - 3 Years
•
USD 40,800 - 53,832 per month","Data Quality Monitoring
Data Governance
Microsoft Excel",Posted a month ago
"Intermediate Business Analyst, Data Solutions",CLARKSONS SINGAPORE PTE. LIMITED,"Singapore, Marina","2 - 4 Years
•
USD 84,000 - 132,000 per month","Data Analysis
Kanban
Sybase
Scrum
Jira
Tsql
Oracle
Sql",Posted a month ago
Data and Billing Analyst,ARGYLL SCOTT CONSULTING PTE. LTD.,Singapore,"2 - 4 Years
•
USD 42,000 - 54,000 per month","Oracle System
Other ERP software
data visualization tools
automation
Oracle Ebs
Microsoft Excel
Sql
ELT
Etl",Posted a month ago
Senior Associate IT Data Centre Operations Analyst (Network & Security),EU YAN SANG INTERNATIONAL LTD,Singapore,3 - 5 Years,"Cisco CCNP certification
Chef
Cisco products
optimization technologies
network routing and switching technologies
Algosec
network automation
Routers
network security
Switches
Bluecoat Proxy
Wlan
Cisco Aci
Palo Alto
Ansible
F5 Load Balancer
Checkpoint Firewall
Load Balancing",Posted a month ago
Senior Associate IT Data Centre Operations Analyst (Systems),,Singapore,3 - 5 Years,"HPE Compute
Chef
VMWare
Puppet
Veeam
Powershell
Itil
Ansible
Json
Netbackup
AWS
Vsan
Python
Azure
Gcp",Posted a month ago
Business Analyst (Data Migration),Manpower Singapore,Singapore,3 - 5 Years,"Data Quality Management
Business Analysis
Testing and Validation
It Service Management
Data Migration
Performance Monitoring",Posted a month ago
IT Application Analyst (Data & Process Analytics),Public Service Division,Singapore,5 - 7 Years,"Sap Erp
Data Process Analytics Systems
SalesForce
Power Bi
Requirements Gathering
Microsoft Azure
Data Warehousing
Data Modelling
Dax
Sql",Posted a month ago
Market Research Analyst (Business | Data),ANTAES ASIA PTE. LTD.,Singapore,5 - 7 Years,"Preference segmentation
Data collection methods
Residual analysis
Advanced regression modelling
Adjusted chi-square
BI Visualization tools
Ms Excel
Tableau
Data mining
Sql",Posted 10 days ago
AI Project Manager/Business Analyst (Big Data) | Contract,GETINGE SOUTH EAST ASIA PTE. LTD.,Singapore,"5 - 7 Years
•
USD 102,000 - 120,000 per month","Visio
metadata management tools
Confluence
JIRA
Big Data Technologies",Posted 17 days ago
"Senior Analyst/AVP, Data Analytics Solutions",SYNAPXE PTE. LTD.,Singapore,"3 - 5 Years
•
USD 60,000 - 96,000 per month","Market Intelligence
Data analytics solutions
Data handling framework
data models
Analytics models",Posted 17 days ago
AI Project Manager/Business Analyst (Big Data) | Contract | Bank,MANPOWER STAFFING SERVICES (SINGAPORE) PTE LTD,Singapore,"5 - 7 Years
•
USD 102,000 - 120,000 per month","Project Management
Visio
metadata management tools
Confluence
Agile
JIRA
Big Data Technologies",Posted 17 days ago
Gen AI Evaluators,APAR TECHNOLOGIES PTE. LTD.,Singapore,"SGD 3,200 - 5,500 per month","Gen AI
Ms Office",Posted 4 hours ago
Salesforce Analyst,CPF Board,Singapore,1 - 5 Years,"Analyst
salesforce",Posted 14 days ago
SAS Analyst,APPLE SOUTH ASIA PTE. LTD.,Raffles Link / Raffles Place,,Sas,Posted 14 days ago
SAS Analyst,TD,Shenton Way,1 - 2 Years,"SAS Configuration
Base Sas
Sas Macro
SAS SQL
Sas Base
SAS",Posted 14 days ago
Data & Analytics Lead,THAKRAL ONE PTE. LTD.,Singapore,"10 - 15 Years
•
SGD 15,000 - 20,000 per month","Kafka
Azure
Python",Posted 23 days ago
Data Engineer,TRINITY CONSULTING SERVICES PTE. LTD.,Singapore,SGD 100 - 100 per month,"metadata
Java
python
Sql",Posted a month ago
Metadata Analysis,SC SHIPPING SINGAPORE PTE. LTD.,Singapore,,"Meta Data
metadata lifecycle
meta data management
Data Governance",Posted a month ago
N/A,ASTEK SINGAPORE INNOVATION TECHNOLOGY PTE. LTD.,N/A,N/A,N/A,N/A
N/A,PHILLIPS 66 INTERNATIONAL TRADING PTE. LTD.,N/A,N/A,N/A,N/A
N/A,NEWPORT TANK CONTAINERS SINGAPORE PTE. LTD.,N/A,N/A,N/A,N/A
N/A,,N/A,N/A,N/A,N/A
N/A,PHILLIPS 66 INTERNATIONAL TRADING PTE. LTD.,N/A,N/A,N/A,N/A
N/A,ASTEK SINGAPORE INNOVATION TECHNOLOGY PTE. LTD.,N/A,N/A,N/A,N/A
N/A,Independent Consultant,N/A,N/A,N/A,N/A
N/A,Kallang Alive Sport Management Co Pte. Ltd.,N/A,N/A,N/A,N/A
N/A,SPD Scientific,N/A,N/A,N/A,N/A
N/A,Point72,N/A,N/A,N/A,N/A
N/A,Hytech,N/A,N/A,N/A,N/A
N/A,ST ENGINEERING INFO-SECURITY PTE. LTD.,N/A,N/A,N/A,N/A
N/A,SCIENTEC CONSULTING PTE. LTD.,N/A,N/A,N/A,N/A
N/A,ACTIVATE INTERACTIVE PTE LTD,N/A,N/A,N/A,N/A
N/A,ACTIVATE INTERACTIVE PTE LTD,N/A,N/A,N/A,N/A
N/A,SYNAPXE PTE. LTD.,N/A,N/A,N/A,N/A
N/A,Manpower Singapore,N/A,N/A,N/A,N/A
N/A,"MUFG BANK, LTD. SINGAPORE BRANCH",N/A,N/A,N/A,N/A
N/A,ANTAES ASIA PTE. LTD.,N/A,N/A,N/A,N/A
N/A,,N/A,N/A,N/A,N/A
N/A,PHILLIPS 66 INTERNATIONAL TRADING PTE. LTD.,N/A,N/A,N/A,N/A
N/A,YCH GROUP PTE LTD,N/A,N/A,N/A,N/A
N/A,"NTT DATA, Inc.",N/A,N/A,N/A,N/A
N/A,"NTT DATA, Inc.",N/A,N/A,N/A,N/A
N/A,Nicoll Curtin,N/A,N/A,N/A,N/A
N/A,Getinge,N/A,N/A,N/A,N/A
N/A,Jobscentral,N/A,N/A,N/A,N/A
N/A,MANPOWER STAFFING SERVICES (SINGAPORE) PTE LTD,N/A,N/A,N/A,N/A
N/A,SUMITOMO MITSUI BANKING CORPORATION Singapore Branch,N/A,N/A,N/A,N/A
N/A,MANPOWER STAFFING SERVICES (SINGAPORE) PTE LTD,N/A,N/A,N/A,N/A
N/A,Helius Technologies Pte Ltd,N/A,N/A,N/A,N/A
N/A,Argyll Scott Singapore Pte Ltd,N/A,N/A,N/A,N/A
N/A,Ascendion,N/A,N/A,N/A,N/A
N/A,Ascendion,N/A,N/A,N/A,N/A
N/A,Evolution Recruitment Solutions PTE. LTD.,N/A,N/A,N/A,N/A
N/A,Apar Technologies Private Limited,N/A,N/A,N/A,N/A
N/A,,N/A,N/A,N/A,N/A
N/A,YCH GROUP PTE LTD,N/A,N/A,N/A,N/A
N/A,Elliott Moss Consulting Pte Ltd,N/A,N/A,N/A,N/A
N/A,,N/A,N/A,N/A,N/A
N/A,Elliott Moss Consulting Pte Ltd,N/A,N/A,N/A,N/A
