job_title,company_name,location,salary,experience,skills,date_posted
Data Analyst,Ambition Group Singapore Pte Ltd,Singapore,"SGD 3,700 - 4,000 per month",,"Data Analyst
Business Analytics
Business Administration
Power Bi",Posted 5 days ago
Data Analyst,U3 Infotech Pte Ltd,Singapore,"SGD 7,000 - 10,000 per month",,"metadata
Excel",Posted 18 days ago
Gen AI evaluators (Data Analyst),Helius Technologies Pte Ltd,Singapore,"3 - 6 Years
•
SGD 5,000 - 5,500 per month",,Gen AI,Posted 26 days ago
Business Data Analyst,Elliott Moss Consulting Pte Ltd,Singapore,,,"Business Data Analyst
Excel Macro
Python",Posted 23 days ago
Data Analyst (Metadata),Elliott Moss Consulting Pte Ltd,Singapore,,,"metadata
Data Analyst
Data Governance",Posted 26 days ago
Associate Data Scientist/ Data Analyst,RANDSTAD PTE. LIMITED,Singapore,2 - 4 Years,,"Data Science
Machine Learning
Artificial Intelligence
Data Visualization
Python",Posted 19 hours ago
"VP, Data Analyst, T&O Data Chapter, Group Transformation",DBS Bank,Singapore,10 - 12 Years,,"Qlikview
Tableau
Python
Sql",Posted 2 days ago
Data Analyst,Selby Jennings,Singapore,Fresher,,"Data Factory
Power Bi
Python
Sql
Azure DevOps",Posted 11 days ago
Data Analyst,JobAlly,Singapore,2 - 4 Years,,"data analysis automation
Power Bi
Pl Sql
Excel
Mssql
Sql",Posted 10 days ago
Data Analyst,foodpanda,Singapore,2 - 5 Years,,"Looker
Tableau
Google Analytics
Excel
Sql",Posted 13 days ago
Distribution Data Analyst - Contract,Wiley,Singapore,Fresher,,"SAP ECC HANA
Data Analysis
Microsoft Office",Posted 12 days ago
Junior Data Analyst,Kpler,Singapore,Fresher,,"Power Bi
Tableau
Excel
Python
Sql",Posted 13 days ago
Data Analyst (Proficient in Hindi/Tamil Language),Manpower Singapore,Singapore,Fresher,,"Tableau
Python
Sql",Posted 17 days ago
Data Analyst (Proficient in Hindi/Tamil Language),Manpower Singapore,Singapore,Fresher,,"data analysis tools
search and recommendations engines
large language models
Machine Learning
Tableau
Python
Sql",Posted 17 days ago
Data Analyst Intern,Razer Inc.,Singapore,Fresher,,"ChatGPT
Amazon Q
dbt
AI technologies
Apache Superset
Redshift
Sql",Posted 19 days ago
Senior Data Analyst (Marketing),,Singapore,5 - 7 Years,,"Data Analysis
Powerbi
Sql",Posted 18 days ago
Senior Data Analyst - Global Business Support,Ambition Group Singapore Pte Ltd,Singapore,Fresher,,"Quick BI
Data Gathering
Power Bi
Python
Sql",Posted 16 days ago
Data Analyst Intern,ExpressVPN,Singapore,Fresher,,"ChatGPT
Amazon Q
dbt
AI technologies
Apache Superset
Redshift
Sql",Posted 19 days ago
"Data Analyst - Business Intelligence, Regional Operations",OKX,Singapore,Fresher,,"Looker
Hive
Hadoop
Spark
Etl Tools
Tableau
Sql
Python",Posted 15 days ago
Data Analyst,Razer Inc.,Singapore,2 - 4 Years,,"machine learning techniques
Power Bi
Tableau
Etl Process
Python
Sql",Posted 17 days ago
"Data Analyst - Marketing Analytics, Regional Brand & Growth Marketing",Shopee,Singapore,Fresher,,"Hadoop
Vba
Spark
Sql
Python",Posted 17 days ago
Data Analyst - Global Payment - Singapore,Tech Grid Asia,Singapore,5 - 7 Years,,"Java
Golang
Hive
Spark
Sql",Posted 19 days ago
Data Analyst,Shopee,Singapore,3 - 8 Years,,"Data Mapping
Data Migration
Data Profiling
Itil",Posted 18 days ago
Data Analyst,ByteDance,Singapore,5 - 7 Years,,"data automation
data collection techniques
Large Language Models
Power Bi
data mining
Database Design
Xml
Sql
Etl",Posted 19 days ago
"TikTok Shop - Senior E-commerce Data Analyst , Logistics (Singapore)",Shell Infotech,Singapore,5 - 7 Years,,"R
Python
Sql",Posted 17 days ago
E-commerce Data Analyst,"Williams-Sonoma, Inc.",Singapore,3 - 5 Years,,"Data Analysis
R
data statistics
Python
Sql",Posted 16 days ago
"Data Analyst, Singapore",TikTok,Singapore,5 - 7 Years,,"Hive
Hadoop
Sql",Posted 17 days ago
Data Analyst - E-commerce User Growth,TikTok,Singapore,3 - 5 Years,,"Excel
Sql
Python",Posted 17 days ago
TikTok Shop - Data Analyst,TikTok,Singapore,3 - 5 Years,,"Modeling
R
ab testing
Optimization
advanced measurement
causal inference
Python
Sql",Posted 16 days ago
Data Analyst (Contract),TikTok,Singapore,1 - 3 Years,,"R
Qlik Sense
Machine Learning
Hadoop
Artificial Intelligence
Power Bi
Tableau
Python
Sql",Posted 14 days ago
"Senior Data Analyst, Regional BI & Planning",TikTok,Singapore,2 - 4 Years,,"Pyspark
Excel
Python
Sql",Posted 28 days ago
"Assistant Lead Data Analyst, Regional BI & Planning",JTC Corporation,Singapore,5 - 8 Years,,"Spark
Excel
Python
Sql",Posted 29 days ago
Data Analyst - Fintech Company,,Singapore,Fresher,,"data protection regulations
data visualization tools
Data Governance",Posted 28 days ago
Data Analyst Intern,ExpressVPN,Singapore,Fresher,,"R
Microstrategy
Anaconda
Jupyter Notebook
Power Bi
Vba
Excel
Sql
Python",Posted 21 days ago
"AVP, Senior Data Analyst, Data Governance (GDMO)",Shopee,Singapore,3 - 5 Years,,"Compliance
Data Analysis
Treasury Products
process improvement
commercial banking products
Communication Skills
Data Management
Data Quality
Data Analytics
Data Governance",Posted 25 days ago
Data Analyst (Internship),Shopee,Singapore,Fresher,,"Sql
Python",Posted 27 days ago
Data Analyst - AI Innovation Business,Empower Partners Singapore,Singapore,3 - 5 Years,,"Machine Learning
data mining
Sql
Python",Posted 29 days ago
Marketing Data Analyst,Allianz Insurance Singapore,Singapore,3 - 5 Years,,"data visualization tools
Power Bi
Tableau
Sql
Statistical Analysis",Posted 29 days ago
Lead Data Analyst (International Centre for Aviation Innovation),OCBC,Singapore,Fresher,,"Advanced Excel functions
Python coding
Data cleansing and normalization
Power Bi
Data Visualization
Data Architecture
Sql Programming
Tableau
Data Analytics",Posted 29 days ago
"Sr Data Analyst , Information Analytics Services",ShopBack,Singapore,5 - 7 Years,,"R
Statistical Modeling
Deep Learning
Java
Machine Learning
Hadoop
Spark
Python
HTML",Posted 23 days ago
Aug/Sept 2025 Data Analyst (HealthTech Associate Programme),ByteDance,Singapore,Fresher,,"R
Data Mining techniques
Pl Sql
Python
Sql",Posted 29 days ago
"Associate Manager, Data Analyst",BTSE,Singapore,5 - 7 Years,,"Dimensional modelling
R
Alteryx
Power Bi
Azure Synapse analytics
Azure Databricks
Data Analytics
Azure Cloud
Azure Machine learning
Spark
Python
Azure Devops",Posted 21 days ago
"Senior Data Analyst, Trading Product",Civil Aviation Authority of Singapore,Singapore,4 - 6 Years,,"Data Analysis
Business Analysis
Hive
Tableau
Python
Sql",Posted 21 days ago
Lead Data Analyst,Tan Tock Seng Hospital,Singapore,8 - 10 Years,,"R
Power Bi
Tableau
Python
Sql",Posted 25 days ago
Data Analyst,Synapxe,Singapore,2 - 5 Years,,"Google Data Studio
Quicksight
AWS Glue
Tableau
Sql
Python",Posted 27 days ago
Senior Data Analyst,KPMG Singapore,Singapore,3 - 5 Years,,"AWS cloud services
Python
Sql
Hadoop
Kafka
Spark",Posted 23 days ago
"Data Analyst (Senior Associate) - Marketing Analytics, Regional Brand & Growth Marketing",OKX,Singapore,3 - 5 Years,,"Vba
Spark
Python
Sql",Posted 29 days ago
Data Analyst - Buyer & Marketing (2025 Fresh Graduates),Ubisoft,Singapore,Fresher,,"Druid
Google Data Studio
data access tools
Lumos
statistical methods
Time Series Analysis",Posted 29 days ago
Regional Marketplace Operations Data Analyst,SPH Media,Singapore,Fresher,,"Data Analysis
Data Management
Python
Sql",Posted 25 days ago
Data Analyst,,Singapore,Fresher,,"R
Looker Studio
statistical methods
Power Bi
Tableau
Sql
Python",Posted 25 days ago
Actuarial Data Analyst,Shopee,Singapore,Fresher,,"Actuarial knowledge
Data analysis automation
Power Bi
Data Visualization
Vba
Data Transformation
Data Analytics
Python
Sql",Posted 29 days ago
Data Analyst - Regional Operations,QCP,Singapore,1 - 5 Years,,"Power Bi
Tableau
Python
Sql",Posted 25 days ago
Data Analyst & Business Strategy Director,Shopee,Singapore,5 - 7 Years,,"ChatGPT
Excel
Sql",Posted 24 days ago
Data Analyst,Shopee,Singapore,3 - 5 Years,,"R
Looker
ETL pipelines
Power Bi
MySQL
Data Warehouse Architecture
Tableau
Python
Google Cloud
Sql
AWS",Posted 21 days ago
Data Analyst (Digital Transformation),Shopee,Singapore,2 - 4 Years,,"Microsoft Power Platform
Sharepoint
cloud platforms
MS SQL
Powerbi
Knime
Python",Posted 22 days ago
"Sr Data Analyst, Information Management Systems",Mighty Bear Games,Singapore,2 - 4 Years,,"Shiny
R
Sharepoint
Java
Sql
HTML
Django
Visual Basic
Flask
Xml
Excel
Python",Posted 25 days ago
Data Analyst (BI&A) - SeaMoney Credit,Munich Re,Singapore,Fresher,,"Business Intelligence
Analytics
data engineering
Data Analytics
Python
Sql",Posted 25 days ago
"Data Analyst, Data Centre",Shopee,Singapore,Fresher,,"Data evaluation
Data visualization tools
Analytics skills
Data Visualization
Excel
Sql",Posted 24 days ago
Data Analyst,OKX,Singapore,Fresher,,"Precisely
data governance tools
Collibra
Excel
Informatica",Posted 22 days ago
Associate Data Analyst,OSL,Singapore,Fresher,,"Powerbi
Tableau
Excel
Data Modelling
Sql
Python
ELT
Etl",Posted 23 days ago
Data Analyst (Digital Transformation),GMP Technologies,Singapore,2 - 4 Years,,"Microsoft Power Platform
Sharepoint
cloud platforms
MS SQL
Powerbi
Knime
Python",Posted 22 days ago
"Sr Data Analyst, Information Management Systems",Tan Tock Seng Hospital,Singapore,2 - 4 Years,,"Shiny
R
Sharepoint
Java
Sql
HTML
Django
Visual Basic
Flask
Xml
Excel
Python",Posted 25 days ago
Data Analyst,SeaMoney,Singapore,3 - 5 Years,,"R
Looker
ETL pipelines
Power Bi
MySQL
Data Warehouse Architecture
Tableau
Python
Google Cloud
Sql
AWS",Posted 21 days ago
Data Analyst,Singtel,Singapore,Fresher,,"Precisely
data governance tools
Collibra
Excel
Informatica",Posted 22 days ago
"Data Analyst (1-year Contract, with possibility of renewal)",N2S.Global,Singapore,1 - 3 Years,,"R
Data Entry
Data Cleaning
Power Bi
Excel
Python
Sql
Statistical Analysis",Posted 21 days ago
Senior/ Data Analyst (Data Engineering) (Contract),Aon,Singapore,2 - 5 Years,,"RAG Retrieval-Augmented Generation tools
Plotly
Scikit-Learn
Dash
Scipy
SQL Server
Sql
Numpy
Django
Pandas
Docker
Restful Apis
Kubernetes
Python
AWS",Posted a month ago
Data Analyst,,"Singapore, Kallang","3 - 5 Years
•
USD 42,000 - 66,000 per month",,"R
Pyspark
PowerShell
Apache Spark
Tableau
Sql
Git
Javascript
Powerbi
Zoho
Microsoft Excel
Python",Posted a month ago
Strategy Data Analyst,QCP,Singapore,"5 - 7 Years
•
USD 78,000 - 102,000 per month",,"Metabase
BigQuery
Tableau
Sql",Posted a month ago
Data Analyst,GMP Technologies,"Singapore, Cecil Street","2 - 5 Years
•
USD 48,000 - 60,000 per month",,"Macros
Microsoft Excel",Posted a month ago
Data Analyst,Tan Tock Seng Hospital,Singapore,"5 - 7 Years
•
USD 60,000 - 96,000 per month",,"Google Cloud Platform
Bi Reporting Tools",Posted a month ago
Data Analyst (JD#9795),OSL,Singapore,"2 - 4 Years
•
USD 48,000 - 66,000 per month",,"Project Management
Data Analysis
Data Management
Spark
Agile Development Methodologies
Data Governance
Python
Sql",Posted a month ago
Data Analyst,N2S.Global,"Singapore, Toa Payoh","2 - 5 Years
•
USD 60,000 - 84,000 per month",,"Data Pipelines
Data Democratisation
Prescriptive Analytics
Business Intelligence
data engineering
Data Analytics",Posted a month ago
DATA ANALYST / UP TO 10K,Singapore International Arbitration Centre,"Singapore, Raffles Link / Raffles Place","2 - 5 Years
•
USD 84,000 - 120,000 per month",,"Data Compliance and Auditing
Data protection regulations
Data Classification and Security
Data visualisation tools
Data Quality Management
Data Governance Policies and Standards
Data Visualisation",Posted a month ago
Data Analyst (JD#9784),NATIONAL UNIVERSITY HEALTH SERVICES GROUP PTE. LTD.,Singapore,"3 - 6 Years
•
USD 42,000 - 60,000 per month",,"CFT
R
Aml
Machine Learning
Powerbi
Qlik
Tableau
Sql",Posted a month ago
Data Analyst,PYLON.AI PTE. LTD.,"Singapore, Raffles Link / Raffles Place","2 - 4 Years
•
USD 60,000 - 63,600 per month",,"De-identification
Shiny
Data Storage
Data anonymization
Ai
Re-identification
Statistical Modeling
R
Sharepoint
Java
Ml
HTML
Sql
Django
Visual Basic
Machine Learning
Xml
Flask
Excel
Python",Posted a month ago
Senior/ Data Analyst (Data Analytics) (Contract),XFERS PTE. LTD.,Singapore,2 - 5 Years,,"R
Plotly
statistical software
Scikit-Learn
Numpy
Scipy
Pandas
Tableau
Python
AWS",Posted a month ago
Data Analyst,INNOCELLENCE SYSTEMS PTE. LTD.,Singapore,"3 - 6 Years
•
USD 84,000 - 96,000 per month",,"M Query
DirectQuery
Javascript Frameworks
Microsoft Power Bi
Reactjs
PostgreSQL
Nodejs
Power Query
Dax
Python",Posted a month ago
Business & Data Analyst,ALLEGIS GROUP SINGAPORE PRIVATE LIMITED,"Scotts Road, Singapore","3 - 5 Years
•
USD 54,000 - 84,000 per month",,"Basic to intermediate SQL knowledge
Advanced Python knowledge",Posted a month ago
"Intern, Product Management (Data Analyst)",SCIENTE INTERNATIONAL PTE. LTD.,Singapore,Fresher,,"R
Power Bi
Tableau
Google Analytics
Sql
Firebase
Python",Posted a month ago
EOSH Data Analyst - Intern,SPH MEDIA LIMITED,Singapore,Fresher,,"Data Analysis
Excel",Posted a month ago
Data Analyst,AEON SEARCH CONSULTING PTE. LTD.,Singapore,Fresher,,"CFT
R
Aml
Machine Learning
Powerbi
Qlik
Tableau
Sql",Posted a month ago
Data Analyst (JD#9784),SCIENTE INTERNATIONAL PTE. LTD.,Singapore,"3 - 6 Years
•
USD 42,000 - 60,000 per month",,"CFT
R
Aml
Machine Learning
Powerbi
Qlik
Tableau
Sql",Posted a month ago
Data Analyst,CTES CONSULTING PTE. LTD.,Singapore,"3 - 5 Years
•
USD 48,000 - 60,000 per month",,"Word
Powerpoint
DFP
Project Management
adsense
Account Management
Data Analysis
Ad Operations
AdMob
Microsoft Office Suite
Sql
adx
Excel",Posted a month ago
DATA ANALYST / UP TO 10K,,"Singapore, Raffles Link / Raffles Place","2 - 5 Years
•
USD 84,000 - 120,000 per month",,"Data Compliance and Auditing
Data protection regulations
Data Classification and Security
Data visualisation tools
Data Quality Management
Data Governance Policies and Standards
Data Visualisation",Posted a month ago
Data Analyst (Risk),GMP Technologies,Singapore,"3 - 5 Years
•
USD 84,000 - 168,000 per month",,"R
probability distributions
Regression
Qlik Sense
Hypothesis Testing
SAS
Tableau
Sql
Decision Trees
Spss
Excel
Python",Posted a month ago
Data Analyst,NATIONAL UNIVERSITY HEALTH SERVICES GROUP PTE. LTD.,"Eunos, Singapore","2 - 4 Years
•
USD 72,000 - 144,000 per month",,"data engineering
Unit Testing
Machine Learning Algorithms
Data Analytics
Python",Posted a month ago
Data Analyst,RANDSTAD PTE. LIMITED,Singapore,"4 - 6 Years
•
USD 54,000 - 84,000 per month",,"Power Bi
Tableau
Msbi
Azure
Sql
AWS",Posted a month ago
Data Analyst,SWAT MOBILITY PTE. LTD.,Singapore,"Fresher
•
USD 54,000 - 78,000 per month",,"R
Numpy
Pandas
Power Bi
Tableau
Sql
Python",Posted a month ago
Senior/ Data Analyst (Data Engineering) (Contract),The Ascott Limited,Singapore,2 - 5 Years,,"RAG Retrieval-Augmented Generation tools
Plotly
Scikit-Learn
Dash
Scipy
SQL Server
Sql
Numpy
Django
Pandas
Docker
Restful Apis
Kubernetes
Python
AWS",Posted a month ago
Data Analyst,The Coca-Cola Company,"Singapore, Kallang","3 - 5 Years
•
USD 42,000 - 66,000 per month",,"R
Pyspark
PowerShell
Apache Spark
Tableau
Sql
Git
Javascript
Powerbi
Zoho
Microsoft Excel
Python",Posted a month ago
Data Analyst - JK,HCLTech,Singapore,"Fresher
•
USD 48,000 - 52,800 per month",,"Bloomberg
API data
Powerbi
Tableau",Posted a month ago
Data Analyst,SCIENTE INTERNATIONAL PTE. LTD.,Singapore,1 - 3 Years,,"Sql
Python",Posted a month ago
Senior Data Analyst,AD ASTRA CONSULTANTS PRIVATE LTD.,Singapore,5 - 7 Years,,"Problem-solving
analytical mindset
data classification
Interpersonal Skills
Collaboration
Data Management
Data Quality
Data Security
Data Visualization",Posted a month ago
Data Analyst - Traffic & Content (2025 Fresh Graduates),AEON SEARCH CONSULTING PTE. LTD.,Singapore,Fresher,,"Druid
Google Data Studio
data access tools
Lumos
statistical methods
Time Series Analysis",Posted a month ago
Anti-Money Laundering Data Analyst - MariBank,SHIELD AI TECHNOLOGIES PTE. LTD.,Singapore,Fresher,,"google suite
Ms Office
Sql
Python",Posted a month ago
Data Analyst,ACTIVATE INTERACTIVE PTE LTD,"Eunos, Singapore","2 - 4 Years
•
USD 72,000 - 144,000 per month",,"data engineering
Unit Testing
Machine Learning Algorithms
Data Analytics
Python",Posted a month ago
Data Analyst,ANTER RECRUITMENT PTE. LTD.,Singapore,"5 - 7 Years
•
USD 60,000 - 96,000 per month",,"Google Cloud Platform
Bi Reporting Tools",Posted a month ago
Strategy Data Analyst,DNDTS PTE. LTD.,Singapore,"5 - 7 Years
•
USD 78,000 - 102,000 per month",,"Metabase
BigQuery
Tableau
Sql",Posted a month ago
Data Analyst,NATIONAL UNIVERSITY HEALTH SERVICES GROUP PTE. LTD.,"Singapore, Tai Seng","5 - 7 Years
•
USD 54,000 - 78,000 per month",,"Data Automation
Segmentation Techniques
data models
Large Language Models
Power Bi
Data Mining
Xml
Sql
Etl
Database Design",Posted a month ago
Data Analyst,PYLON.AI PTE. LTD.,Singapore,"3 - 6 Years
•
USD 48,000 - 60,000 per month",,"segmentation techniques
AI applications
Looker Studios
Data Modelling
google sheets
PostgreSQL
data mining
Database Design
Hubspot
Sql",Posted a month ago
DATA ANALYST / UP TO 10K,,"Singapore, Raffles Link / Raffles Place","2 - 5 Years
•
USD 84,000 - 120,000 per month",,"Data Compliance and Auditing
Data protection regulations
Data Classification and Security
Data visualisation tools
Data Quality Management
Data Governance Policies and Standards
Data Visualisation",Posted a month ago
Data Analyst (Risk),NATIONAL UNIVERSITY HEALTH SERVICES GROUP PTE. LTD.,Singapore,"3 - 5 Years
•
USD 84,000 - 168,000 per month",,"R
probability distributions
Regression
Qlik Sense
Hypothesis Testing
SAS
Tableau
Sql
Decision Trees
Spss
Excel
Python",Posted a month ago
Data Analyst,PASONA SINGAPORE PTE. LTD.,Singapore,"4 - 6 Years
•
USD 54,000 - 84,000 per month",,"Power Bi
Tableau
Msbi
Azure
Sql
AWS",Posted a month ago
Data Analyst,Ad Astra Consultants,"Singapore, Kallang","3 - 5 Years
•
USD 42,000 - 66,000 per month",,"R
Pyspark
PowerShell
Apache Spark
Tableau
Sql
Git
Javascript
Powerbi
Zoho
Microsoft Excel
Python",Posted a month ago
Data Analyst,Ambition Group Singapore Pte Ltd,"Singapore, Toa Payoh","2 - 5 Years
•
USD 60,000 - 84,000 per month",,"Data Pipelines
Data Democratisation
Prescriptive Analytics
Business Intelligence
data engineering
Data Analytics",Posted a month ago
Carbon Data Analyst (Japanese speaking),Shopee,Singapore,2 - 4 Years,,"data engineering
Sql
Python",Posted a month ago
Anti-Money Laundering Data Analyst - MariBank,MariBank,Singapore,Fresher,,"google suite
Ms Office
Sql
Python",Posted a month ago
Data Analyst,ACTIVATE INTERACTIVE PTE LTD,"Eunos, Singapore","2 - 4 Years
•
USD 72,000 - 144,000 per month",,"data engineering
Unit Testing
Machine Learning Algorithms
Data Analytics
Python",Posted a month ago
Data Analyst (Risk),ALLEGIS GROUP SINGAPORE PRIVATE LIMITED,Singapore,"3 - 5 Years
•
USD 84,000 - 168,000 per month",,"R
probability distributions
Regression
Qlik Sense
Hypothesis Testing
SAS
Tableau
Sql
Decision Trees
Spss
Excel
Python",Posted a month ago
Data Analyst,XFERS PTE. LTD.,Singapore,"3 - 6 Years
•
USD 48,000 - 60,000 per month",,"segmentation techniques
AI applications
Looker Studios
Data Modelling
google sheets
PostgreSQL
data mining
Database Design
Hubspot
Sql",Posted a month ago
Data Analyst,WILLIAMS-SONOMA SINGAPORE PTE. LTD.,Singapore,"5 - 7 Years
•
USD 60,000 - 96,000 per month",,"Google Cloud Platform
Bi Reporting Tools",Posted a month ago
Data Analyst,90 SECONDS PTE. LTD.,"Singapore, Tai Seng","5 - 7 Years
•
USD 54,000 - 78,000 per month",,"Data Automation
Segmentation Techniques
data models
Large Language Models
Power Bi
Data Mining
Xml
Sql
Etl
Database Design",Posted a month ago
Strategy Data Analyst,AEON SEARCH CONSULTING PTE. LTD.,Singapore,"5 - 7 Years
•
USD 78,000 - 102,000 per month",,"Metabase
BigQuery
Tableau
Sql",Posted a month ago
DATA ANALYST / UP TO 10K,SHIELD AI TECHNOLOGIES PTE. LTD.,"Singapore, Raffles Link / Raffles Place","2 - 5 Years
•
USD 84,000 - 120,000 per month",,"Data Compliance and Auditing
Data protection regulations
Data Classification and Security
Data visualisation tools
Data Quality Management
Data Governance Policies and Standards
Data Visualisation",Posted a month ago
Data Analyst,ANTER RECRUITMENT PTE. LTD.,Singapore,3 - 5 Years,,"MSSQL Server Management Studio
Power Bi
Microsoft Sql Server
Excel
Sql",Posted a month ago
Data Analyst - JO3125,PYLON.AI PTE. LTD.,"Singapore, Raffles Link / Raffles Place","2 - 4 Years
•
USD 60,000 - 66,000 per month",,"Shiny
R
Sharepoint
Java
HTML
Sql
Django
Visual Basic
Flask
Xml
Excel
Python",Posted a month ago
Senior Actuarial Data Analyst,SPH MEDIA LIMITED,Singapore,5 - 10 Years,,"Data Services
Sql",Posted a month ago
Data Analyst ( Power BI SQL MDM ),,"Singapore, Raffles Link / Raffles Place","2 - 4 Years
•
USD 60,000 - 72,000 per month",,"Data Quality
Data Management
Data Migration
Power Bi
Data Governance
Sql",Posted a month ago
Data Analyst - Contract,PASONA SINGAPORE PTE. LTD.,Singapore,1 - 3 Years,,"Power Bi
Tableau
Excel
Python
Sql",Posted a month ago
Business & Data Analyst,Terrascope,Singapore,3 - 5 Years,,"Basic to intermediate SQL knowledge
Advanced Python knowledge",Posted a month ago
Data Analyst,MariBank,Singapore,"3 - 6 Years
•
USD 84,000 - 96,000 per month",,"M Query
DirectQuery
Javascript Frameworks
Microsoft Power Bi
Reactjs
PostgreSQL
Nodejs
Power Query
Dax
Python",Posted a month ago
(VP/AVP) Data Analyst - Service Channels and Transformation,ACTIVATE INTERACTIVE PTE LTD,Singapore,4 - 6 Years,,"R
Teradata
Tableau
Sql
Power Bi
Oracle
Qlikview
Python
Vba
SAS
Hadoop",Posted a month ago
"Manager (Data Analyst, Property Tax Division)",SHIELD AI TECHNOLOGIES PTE. LTD.,Singapore,Fresher,,"R
Ai
Data Analytics
Machine Learning
Powerbi
SAS
Sql
Python",Posted a month ago
Senior Data Analyst,90 SECONDS PTE. LTD.,Singapore,"3 - 5 Years
•
USD 45,600 - 62,400 per month",,"Business Intelligence
Tableau
Data Analytics
Sql
Python",Posted a month ago
Data Analyst,ALLEGIS GROUP SINGAPORE PRIVATE LIMITED,"Singapore, Boon Lay, Jalan Boon Lay","1 - 3 Years
•
USD 60,000 - 72,000 per month",,"R
Microstrategy
Oracle Db
Power Bi
PostgreSQL
Mssql
Python",Posted a month ago
Sr/Data Analyst (IMI Service),WILLIAMS-SONOMA SINGAPORE PTE. LTD.,Singapore,Fresher,,"quantitative tools
Presentation Software
logical data models
data management systems
data dictionaries
Databases
Reporting Tools",Posted a month ago
"Sr/Data Analyst, Data Management Unit",XFERS PTE. LTD.,Singapore,2 - 4 Years,,"MS Access
OAS
R
UiPath RPA
Qlik Sense
OBIEE
Qlikview
SAS
Tableau
Power Bi
Ms Excel
Sql Query
Python",Posted a month ago
Data Analyst - SeaMoney Credit,AEON SEARCH CONSULTING PTE. LTD.,Singapore,Fresher,,"data visualisation tools
Python
Sql",Posted a month ago
HR Data Analyst,MASON & CO PTE. LTD.,Singapore,0 - 2 Years,,"Data Analysis
predictive models
statistical analyses",Posted a month ago
Data Analyst,CTES CONSULTING PTE. LTD.,Singapore,Fresher,,"Data Analysis
Excel",Posted a month ago
EOSH Data Analyst - Intern,Munich Re,Singapore,Fresher,,"Data Analysis
Excel",Posted a month ago
Data Analyst,RANDSTAD PTE. LIMITED,Singapore,Fresher,,"M Query
DirectQuery
Javascript Frameworks
Microsoft Power Bi
Reactjs
PostgreSQL
Nodejs
Power Query
Dax
Python",Posted a month ago
"Data Analyst (Tableau, R, Python, SQL, Power BI, Advanced Excel)",ZENITH INFOTECH (S) PTE LTD.,"Singapore, Bukit Batok","1 - 4 Years
•
USD 42,000 - 60,000 per month",,"Macros
Power Bi
Tableau
Microsoft Excel
Sql
Python",Posted a month ago
Data Quality Analyst - Aviation,SWAT MOBILITY PTE. LTD.,Singapore,Fresher,,"Data Migration
Data Cleansing
Python
Sql",Posted 6 days ago
Data Intelligence Analyst,,Singapore,2 - 4 Years,,"Powerpoint
Google BigQuery
Data Processing
Looker Studio
Power Bi
Tableau
Sql
Typescript
Javascript
Data Visualization
Data Governance
Excel
Python
Data Transformation
Etl",Posted 8 days ago
Data Operations Analyst,Terrascope,Singapore,3 - 5 Years,,"Linux
SQL Server
Windows
Python
AWS",Posted 7 days ago
Data Insight Analyst,RANDSTAD PTE. LIMITED,Singapore,Fresher,,Risk management principles,Posted 11 days ago
Business Analyst (Data Migration),OCBC,Singapore,3 - 5 Years,,"Data Quality Management
Business Analysis
Testing and Validation
It Service Management
Data Migration
Performance Monitoring",Posted 11 days ago
"Manager/ Senior Manager, Data Business Analyst",Inland Revenue Authority of Singapore (IRAS),"Singapore, Kallang",5 - 7 Years,,"Power Bi
Tableau
Python
Sql",Posted 17 days ago
IT Application Analyst (Data & Process Analytics),FINEXIS ADVISORY PTE. LTD.,Singapore,5 - 7 Years,,"Sap Erp
Data Process Analytics Systems
SalesForce
Power Bi
Requirements Gathering
Microsoft Azure
Data Warehousing
Data Modelling
Dax
Sql",Posted 15 days ago
Senior Associate IT Data Centre Operations Analyst (Network & Security),ST ENGINEERING LAND MRO & SERVICES PTE. LTD.,Singapore,3 - 5 Years,,"Cisco CCNP certification
Chef
Cisco products
optimization technologies
network routing and switching technologies
Algosec
network automation
Routers
network security
Switches
Bluecoat Proxy
Wlan
Cisco Aci
Palo Alto
Ansible
F5 Load Balancer
Checkpoint Firewall
Load Balancing",Posted 20 days ago
Data Management Analyst,Tan Tock Seng Hospital,Singapore,3 - 5 Years,,"MSSQL Server Management Studio
Data quality principles
Crm Systems
Master Data Management
Data management tools
Sql Queries
Power Bi
Microsoft Sql Server
Data Governance
Excel",Posted 25 days ago
Business Analyst - Data Governance | Contract | Bank,Tan Tock Seng Hospital,Singapore,3 - 5 Years,,"data quality principles
data governance best practices
Python
Sql",Posted 25 days ago
Career Conversion Programme – Business Analyst (Local Business Owner Master Data),SeaMoney,"Singapore, Tuas",Fresher,,"Business Analytics
Microsoft Power Platforms
SAP Modules
SAP master data",Posted 29 days ago
Market Data Services Product Analyst,DSO National Laboratories,Singapore,1 - 3 Years,,"Agile framework
FITS
Powerpoint
Tableau
Excel
JIRA
Ms Office",Posted 29 days ago
Senior Data Excellence Analyst APAC Brenntag Specialties,HCLTech,Singapore,5 - 8 Years,,"Data Intelligence
Data Analysis
Data Catalogue
Business Intelligence
Data Cleaning
data wrangling",Posted 23 days ago
Senior Associate IT Data Centre Operations Analyst (Systems),The Coca-Cola Company,Singapore,3 - 5 Years,,"HPE Compute
Chef
VMWare
Puppet
Veeam
Powershell
Itil
Ansible
Json
Netbackup
AWS
Vsan
Python
Azure
Gcp",Posted 26 days ago
LLM Global Data - LLM Performance Operation Analyst (Non-safety),Randstad Singapore,Singapore,Fresher,,"feedback loops
testing workflows
Performance Measurement
Llm",Posted a month ago
Data/BI Analyst (PowerBI),ALLIANCE HEALTHCARE GROUP LIMITED,"Singapore, Temasek Boulevard","3 - 5 Years
•
USD 60,000 - 84,000 per month",,"Powerbi
Azure
Sql",Posted a month ago
SAP Data Migration Analyst,Independent Consultant,Singapore,"3 - 5 Years
•
USD 54,000 - 78,000 per month",,"Pmp
SAP implementation methodologies
Cbap
Prince2
Sap Data Migration
Itil",Posted a month ago
Data/BI Analyst (PowerBI),Publicis Groupe Singapore,"Singapore, Temasek Boulevard","3 - 5 Years
•
USD 60,000 - 84,000 per month",,"Powerbi
Azure
Sql",Posted a month ago
LLM Global Data - LLM Performance Operation Analyst (Non-safety),,Singapore,Fresher,,"feedback loops
testing workflows
Performance Measurement
Llm",Posted a month ago
Data Management Analyst,RANDSTAD PTE. LIMITED,Singapore,"4 - 6 Years
•
USD 72,000 - 126,000 per month",,"Investment Data Domain Knowledge
Data Quality Checks
Documentation Support
data reconciliation
Data Management
Oracle Pl Sql",Posted a month ago
Data Team Analyst,Point72,"Singapore, Temasek Avenue","2 - 4 Years
•
USD 104,400 - 135,600 per month",,"Power Apps
Git
Data Factory
Power Bi
Databricks
Python
Sql
Azure DevOps",Posted a month ago
Data Quality Engineer/Analyst,Hytech,"Eunos, Singapore","2 - 4 Years
•
USD 72,000 - 144,000 per month",,"data engineering
Unit Testing
Machine Learning Algorithms
Data Analytics
Python",Posted a month ago
Data Quality Engineer/Analyst - A24122,Nicoll Curtin,"Eunos, Singapore","2 - 4 Years
•
USD 72,000 - 144,000 per month",,"data engineering
Unit Testing
Machine Learning Algorithms
Data Analytics
Python",Posted a month ago
"Intermediate Business Analyst, Data Solutions",Kallang Alive Sport Management Co Pte. Ltd.,"Singapore, Marina","2 - 4 Years
•
USD 84,000 - 132,000 per month",,"Data Analysis
Kanban
Sybase
Scrum
Jira
Tsql
Oracle
Sql",Posted a month ago
"Project Business Analyst (Data Analytics, Cloud)",Getinge,"Singapore, North Buona Vista","7 - 9 Years
•
USD 60,000 - 96,000 per month",,"Informatica IDMC
Data Cataloguing
Hadoop
Power Bi
Apache Spark
Tableau
Data Warehouse
Devops
Git
Docker
Advanced Analytics
Databricks
Aws Cloud
Data Governance
Kubernetes",Posted a month ago
Data and Billing Analyst,"NTT DATA, Inc.",Singapore,"2 - 4 Years
•
USD 42,000 - 54,000 per month",,"Oracle System
Other ERP software
data visualization tools
automation
Oracle Ebs
Microsoft Excel
Sql
ELT
Etl",Posted a month ago
"Analyst, Data Governance (Job ID: 10068361)",SPD Scientific,Singapore,"1 - 3 Years
•
USD 40,800 - 53,832 per month",,"Data Quality Monitoring
Data Governance
Microsoft Excel",Posted a month ago
"Operations Analyst, Data Services",Manpower Singapore,Singapore,3 - 5 Years,,"RPA solutions
ssi
Client Reference Data
Alteryx
Vba
Microsoft Excel
Python
Ui Path",Posted a month ago
N/A,GSK,N/A,N/A,,N/A,N/A
N/A,JP Morgan Chase & Co.,N/A,N/A,,N/A,N/A
N/A,Brenntag,N/A,N/A,,N/A,N/A
N/A,"NTT DATA, Inc.",N/A,N/A,,N/A,N/A
N/A,Byte Dance,N/A,N/A,,N/A,N/A
N/A,NEWPORT TANK CONTAINERS SINGAPORE PTE. LTD.,N/A,N/A,,N/A,N/A
N/A,TRINITY CONSULTING SERVICES PTE. LTD.,N/A,N/A,,N/A,N/A
N/A,,N/A,N/A,,N/A,N/A
N/A,Point72,N/A,N/A,,N/A,N/A
N/A,NEWPORT TANK CONTAINERS SINGAPORE PTE. LTD.,N/A,N/A,,N/A,N/A
N/A,Byte Dance,N/A,N/A,,N/A,N/A
N/A,ASTEK SINGAPORE INNOVATION TECHNOLOGY PTE. LTD.,N/A,N/A,,N/A,N/A
N/A,PHILLIPS 66 INTERNATIONAL TRADING PTE. LTD.,N/A,N/A,,N/A,N/A
N/A,ACTIVATE INTERACTIVE PTE LTD,N/A,N/A,,N/A,N/A
N/A,ACTIVATE INTERACTIVE PTE LTD,N/A,N/A,,N/A,N/A
N/A,ANTAES ASIA PTE. LTD.,N/A,N/A,,N/A,N/A
N/A,SYNAPXE PTE. LTD.,N/A,N/A,,N/A,N/A
N/A,YCH GROUP PTE LTD,N/A,N/A,,N/A,N/A
N/A,"MUFG BANK, LTD. SINGAPORE BRANCH",N/A,N/A,,N/A,N/A
N/A,TD,N/A,N/A,,N/A,N/A
N/A,,N/A,N/A,,N/A,N/A
N/A,NEWPORT TANK CONTAINERS SINGAPORE PTE. LTD.,N/A,N/A,,N/A,N/A
